sinno_id,year,bioeconomy
6462001,1970,0
6475001,1970,0
6853001,1970,0
6856001,1970,1
6857001,1970,0
6860001,1970,0
6980001,1970,0
7174001,1970,1
7361001,1970,1
7362001,1970,1
7581001,1970,0
7586001,1970,1
7588001,1970,0
7589001,1970,0
7591001,1970,1
7592001,1970,0
7593001,1970,0
7594001,1970,0
7596001,1970,0
7598001,1970,0
7599001,1970,0
7600001,1970,0
7601001,1970,0
7604001,1970,0
7605001,1970,0
7606001,1970,0
7607001,1970,1
7609001,1970,0
7610001,1970,0
7611001,1970,0
7612001,1970,0
7613001,1970,1
7614001,1970,1
7615001,1970,0
7618001,1970,0
7619001,1970,0
7620001,1970,0
7621001,1970,0
7623001,1970,0
7625001,1970,0
8158001,1970,0
9235001,1970,0
9236001,1970,0
9237001,1970,1
9238001,1970,0
9239001,1970,0
9240001,1970,0
9241001,1970,0
9242001,1970,0
9262001,1970,0
9410001,1970,1
9411001,1970,1
9414001,1970,0
9553001,1970,0
9709001,1970,0
9714001,1970,0
9716001,1970,0
9721001,1970,0
9722001,1970,0
9724001,1970,0
9727001,1970,0
9740001,1970,1
9817001,1970,1
9955001,1970,0
9956001,1970,0
9958001,1970,0
9961001,1970,0
9962001,1970,0
9963001,1970,0
9964001,1970,0
9965001,1970,0
9968001,1970,0
9969001,1970,0
9979001,1970,1
10513001,1970,1
10514001,1970,0
10516001,1970,0
10517001,1970,0
10703001,1970,1
6048001,1971,0
6368001,1971,0
6369001,1971,0
6370001,1971,0
6371001,1971,0
6372001,1971,0
6373001,1971,0
6464001,1971,0
6685001,1971,0
6686001,1971,0
6861001,1971,1
6865001,1971,0
6866001,1971,0
6870001,1971,0
7175001,1971,0
7363001,1971,1
7364001,1971,1
7608001,1971,0
7617001,1971,1
7626001,1971,0
7629001,1971,0
7630001,1971,0
7631001,1971,0
7632001,1971,0
7636001,1971,0
7637001,1971,0
7638001,1971,1
7640001,1971,0
7641001,1971,0
7642001,1971,1
7643001,1971,0
7646001,1971,0
7647001,1971,0
7649001,1971,0
7650001,1971,1
7651001,1971,1
7652001,1971,0
7653001,1971,0
7654001,1971,0
7655001,1971,0
7656001,1971,0
7658001,1971,0
7660001,1971,0
7663001,1971,0
7664001,1971,0
7665001,1971,0
7667001,1971,0
7668001,1971,0
7669001,1971,0
7674001,1971,1
7764001,1971,1
9243001,1971,0
9244001,1971,0
9245001,1971,0
9260001,1971,0
9413001,1971,1
9415001,1971,1
9416001,1971,1
9535001,1971,1
9552001,1971,0
9555001,1971,0
9556001,1971,0
9557001,1971,0
9558001,1971,0
9562001,1971,1
9732001,1971,1
9733001,1971,0
9734001,1971,0
9738001,1971,0
9753001,1971,1
9970001,1971,0
9971001,1971,1
9972001,1971,0
9973001,1971,0
9974001,1971,0
9976001,1971,0
9977001,1971,1
9978001,1971,0
9980001,1971,0
9981001,1971,0
9982001,1971,0
9995001,1971,0
10518001,1971,0
10520001,1971,0
10521001,1971,0
5870001,1972,0
5871001,1972,0
5872001,1972,0
5874001,1972,0
6374001,1972,0
6375001,1972,0
6376001,1972,0
6377001,1972,0
6378001,1972,0
6379001,1972,0
6380001,1972,0
6387001,1972,1
6466001,1972,0
6467001,1972,0
6688001,1972,0
6689001,1972,0
6690001,1972,0
6787001,1972,0
6873001,1972,1
6874001,1972,0
6875001,1972,0
6876001,1972,0
7181001,1972,0
7365001,1972,1
7366001,1972,1
7367001,1972,1
7673001,1972,0
7675001,1972,0
7677001,1972,0
7678001,1972,0
7679001,1972,1
7680001,1972,0
7681001,1972,0
7682001,1972,0
7683001,1972,0
7685001,1972,0
7687001,1972,0
7689001,1972,0
7690001,1972,0
7691001,1972,0
7692001,1972,0
7693001,1972,0
7694001,1972,0
7695001,1972,0
7696001,1972,0
7699001,1972,0
7700001,1972,0
7701001,1972,0
7702001,1972,0
7703001,1972,0
7704001,1972,0
7705001,1972,0
7708001,1972,1
7713001,1972,0
7718001,1972,1
7771001,1972,0
9246001,1972,0
9247001,1972,0
9248001,1972,0
9249001,1972,0
9250001,1972,1
9252001,1972,0
9253001,1972,0
9254001,1972,0
9255001,1972,0
9417001,1972,1
9419001,1972,0
9559001,1972,0
9561001,1972,0
9564001,1972,0
9744001,1972,0
9749001,1972,0
9751001,1972,0
9752001,1972,0
9757001,1972,0
9758001,1972,0
9759001,1972,0
9765001,1972,1
9983001,1972,0
9984001,1972,0
9986001,1972,0
9989001,1972,1
9990001,1972,0
9992001,1972,1
9993001,1972,0
10522001,1972,0
10523001,1972,0
10524001,1972,1
10525001,1972,0
10526001,1972,1
10677001,1972,0
5873001,1973,0
5876001,1973,0
5877001,1973,0
5885001,1973,0
5888001,1973,0
6002001,1973,1
6003001,1973,0
6004001,1973,0
6005001,1973,0
6007001,1973,0
6008001,1973,0
6009001,1973,0
6382001,1973,0
6383001,1973,0
6445001,1973,0
6471001,1973,0
6691001,1973,0
6692001,1973,0
6693001,1973,0
6694001,1973,0
6775001,1973,0
6877001,1973,0
6878001,1973,1
6879001,1973,0
6880001,1973,1
6881001,1973,0
6882001,1973,0
6885001,1973,0
6886001,1973,0
6887001,1973,0
6888001,1973,0
6889001,1973,0
6891001,1973,1
6893001,1973,1
6902001,1973,0
7184001,1973,0
7187001,1973,0
7368001,1973,1
7369001,1973,1
7370001,1973,1
7372001,1973,1
7373001,1973,1
7392001,1973,1
7707001,1973,0
7709001,1973,0
7710001,1973,0
7712001,1973,0
7714001,1973,1
7717001,1973,0
7719001,1973,0
7720001,1973,0
7721001,1973,0
7723001,1973,1
7724001,1973,0
7725001,1973,0
7726001,1973,0
7728001,1973,0
7729001,1973,0
7753001,1973,0
7799001,1973,0
7833001,1973,1
9258001,1973,0
9259001,1973,0
9268001,1973,0
9297001,1973,0
9420001,1973,0
9421001,1973,0
9422001,1973,1
9769001,1973,0
9771001,1973,0
9772001,1973,1
9773001,1973,0
9775001,1973,0
10001001,1973,0
10002001,1973,0
10004001,1973,0
10006001,1973,0
10009001,1973,0
10497001,1973,0
10527001,1973,0
10528001,1973,0
10532001,1973,0
10533001,1973,0
10704001,1973,0
5878001,1974,0
5879001,1974,0
5894001,1974,1
6011001,1974,0
6012001,1974,0
6013001,1974,0
6014001,1974,0
6015001,1974,0
6016001,1974,0
6017001,1974,0
6018001,1974,0
6019001,1974,0
6020001,1974,0
6021001,1974,0
6123001,1974,0
6384001,1974,0
6385001,1974,0
6386001,1974,0
6388001,1974,0
6472001,1974,0
6695001,1974,0
6697001,1974,0
6894001,1974,1
6895001,1974,0
6896001,1974,0
6898001,1974,1
6899001,1974,0
6900001,1974,0
6901001,1974,0
6903001,1974,0
7374001,1974,1
7375001,1974,1
7376001,1974,1
7377001,1974,1
7378001,1974,1
7379001,1974,0
7380001,1974,1
7383001,1974,1
7393001,1974,1
7731001,1974,0
7733001,1974,0
7735001,1974,1
7736001,1974,0
7737001,1974,0
7739001,1974,0
7740001,1974,1
7741001,1974,1
7743001,1974,0
7745001,1974,0
7746001,1974,0
7747001,1974,0
7748001,1974,0
7749001,1974,0
7750001,1974,0
7752001,1974,1
7804001,1974,0
9424001,1974,1
9425001,1974,0
9725001,1974,0
9785001,1974,0
9795001,1974,0
10000001,1974,0
10010001,1974,0
10012001,1974,0
10013001,1974,0
10019001,1974,1
10020001,1974,0
10022001,1974,0
10023001,1974,0
10024001,1974,0
10031001,1974,0
10536001,1974,0
10537001,1974,0
10539001,1974,0
5880001,1975,1
5881001,1975,1
5882001,1975,0
6022001,1975,0
6025001,1975,0
6026001,1975,0
6027001,1975,0
6028001,1975,0
6030001,1975,0
6031001,1975,1
6032001,1975,0
6033001,1975,1
6034001,1975,0
6035001,1975,0
6390001,1975,0
6391001,1975,0
6392001,1975,1
6393001,1975,0
6394001,1975,0
6395001,1975,0
6400001,1975,1
6473001,1975,0
6474001,1975,0
6698001,1975,0
6699001,1975,0
6700001,1975,0
6906001,1975,0
6908001,1975,0
6910001,1975,0
6927001,1975,0
6928001,1975,1
7384001,1975,1
7385001,1975,1
7386001,1975,1
7387001,1975,1
7388001,1975,1
7390001,1975,1
7391001,1975,0
7394001,1975,1
7395001,1975,1
7396001,1975,1
7397001,1975,1
7407001,1975,1
7597001,1975,0
7751001,1975,1
7756001,1975,0
7758001,1975,1
7760001,1975,0
7761001,1975,0
7762001,1975,0
7763001,1975,0
7765001,1975,0
7766001,1975,0
7767001,1975,0
7769001,1975,1
7770001,1975,0
7773001,1975,0
7774001,1975,0
7775001,1975,0
7776001,1975,0
7778001,1975,0
7779001,1975,0
7780001,1975,0
7781001,1975,1
7782001,1975,1
7783001,1975,0
7790001,1975,0
7800001,1975,0
7821001,1975,0
7947001,1975,1
8034001,1975,0
8035001,1975,0
9261001,1975,0
9412001,1975,1
9426001,1975,1
9427001,1975,1
9568001,1975,0
9788001,1975,0
9791001,1975,0
9792001,1975,0
9800001,1975,0
10025001,1975,1
10027001,1975,0
10028001,1975,0
10029001,1975,0
10030001,1975,1
10034001,1975,0
10036001,1975,0
10126001,1975,0
10542001,1975,0
10659001,1975,0
12933001,1975,1
14565001,1975,0
5883001,1976,1
5884001,1976,0
6037001,1976,0
6038001,1976,1
6040001,1976,0
6041001,1976,1
6046001,1976,0
6047001,1976,0
6049001,1976,0
6050001,1976,0
6051001,1976,1
6052001,1976,0
6053001,1976,0
6054001,1976,0
6056001,1976,0
6079001,1976,0
6396001,1976,0
6397001,1976,1
6398001,1976,0
6399001,1976,0
6401001,1976,0
6402001,1976,0
6403001,1976,0
6404001,1976,1
6414001,1976,0
6476001,1976,0
6478001,1976,0
6479001,1976,0
6480001,1976,0
6493001,1976,0
6512001,1976,0
6702001,1976,0
6704001,1976,0
6705001,1976,0
6719001,1976,0
6911001,1976,0
6912001,1976,1
6914001,1976,0
6915001,1976,1
6916001,1976,1
6918001,1976,1
6919001,1976,1
7398001,1976,1
7401001,1976,1
7402001,1976,1
7403001,1976,0
7404001,1976,0
7405001,1976,1
7406001,1976,1
7408001,1976,1
7768001,1976,0
7786001,1976,0
7788001,1976,0
7792001,1976,0
7794001,1976,0
7797001,1976,1
7798001,1976,0
7801001,1976,0
7802001,1976,0
7803001,1976,0
7805001,1976,1
7806001,1976,0
7807001,1976,0
7808001,1976,0
7809001,1976,1
7810001,1976,0
7811001,1976,0
7812001,1976,0
7813001,1976,0
7814001,1976,0
7816001,1976,0
7817001,1976,1
7818001,1976,0
7819001,1976,0
7820001,1976,0
7824001,1976,0
7825001,1976,0
7827001,1976,1
7829001,1976,1
7830001,1976,0
7831001,1976,0
7832001,1976,0
9266001,1976,1
9428001,1976,1
9429001,1976,1
9430001,1976,1
9431001,1976,1
9432001,1976,1
9569001,1976,0
9589001,1976,0
9796001,1976,0
9798001,1976,1
9799001,1976,0
10042001,1976,0
10044001,1976,0
10045001,1976,0
10046001,1976,0
10049001,1976,0
10051001,1976,0
10052001,1976,1
10053001,1976,0
10055001,1976,0
10059001,1976,0
10061001,1976,0
10062001,1976,0
10064001,1976,0
10065001,1976,0
10098001,1976,0
10543001,1976,0
10664001,1976,0
10670001,1976,0
11291001,1976,0
5886001,1977,0
5887001,1977,0
6045001,1977,0
6060001,1977,1
6062001,1977,0
6063001,1977,0
6064001,1977,0
6065001,1977,0
6066001,1977,0
6067001,1977,0
6068001,1977,0
6072001,1977,0
6199001,1977,0
6405001,1977,0
6406001,1977,0
6407001,1977,0
6408001,1977,0
6481001,1977,0
6484001,1977,0
6485001,1977,0
6487001,1977,0
6706001,1977,0
6776001,1977,0
6921001,1977,1
6923001,1977,0
6924001,1977,0
6929001,1977,1
7189001,1977,0
7198001,1977,0
7410001,1977,1
7412001,1977,1
7414001,1977,1
7416001,1977,1
7417001,1977,1
7418001,1977,1
7422001,1977,0
7435001,1977,1
7791001,1977,1
7795001,1977,0
7823001,1977,0
7826001,1977,0
7835001,1977,0
7836001,1977,1
7837001,1977,0
7839001,1977,0
7840001,1977,0
7841001,1977,0
7842001,1977,0
7843001,1977,0
7844001,1977,0
7845001,1977,1
7846001,1977,1
7848001,1977,0
7849001,1977,0
7850001,1977,0
7851001,1977,0
7853001,1977,0
7854001,1977,1
7855001,1977,0
7857001,1977,0
7858001,1977,0
7860001,1977,0
8141001,1977,1
9267001,1977,0
9270001,1977,0
9271001,1977,0
9272001,1977,0
9273001,1977,0
9274001,1977,0
9277001,1977,0
9433001,1977,1
9536001,1977,1
9571001,1977,0
9730001,1977,0
9801001,1977,0
9803001,1977,0
9804001,1977,0
9805001,1977,0
9806001,1977,0
9814001,1977,0
10068001,1977,0
10069001,1977,0
10071001,1977,0
10073001,1977,0
10074001,1977,0
10075001,1977,0
10076001,1977,0
10077001,1977,0
10078001,1977,0
10079001,1977,0
10080001,1977,0
10091001,1977,0
10093001,1977,0
10095001,1977,0
10096001,1977,0
10097001,1977,0
10101001,1977,0
10103001,1977,0
10105001,1977,0
10106001,1977,0
10109001,1977,0
10110001,1977,0
10111001,1977,0
10112001,1977,0
10113001,1977,0
10114001,1977,0
10115001,1977,0
10117001,1977,0
10121001,1977,0
10544001,1977,1
10554001,1977,0
10681001,1977,1
10682001,1977,1
10683001,1977,0
5889001,1978,0
5890001,1978,0
5891001,1978,0
5892001,1978,0
5893001,1978,0
5902001,1978,0
5903001,1978,0
6044001,1978,1
6073001,1978,0
6074001,1978,0
6075001,1978,0
6076001,1978,0
6077001,1978,0
6078001,1978,0
6081001,1978,1
6082001,1978,0
6083001,1978,0
6084001,1978,0
6085001,1978,0
6086001,1978,0
6087001,1978,0
6088001,1978,0
6089001,1978,0
6094001,1978,0
6095001,1978,0
6411001,1978,0
6412001,1978,0
6413001,1978,0
6415001,1978,0
6416001,1978,0
6486001,1978,0
6522001,1978,0
6707001,1978,0
6708001,1978,0
6711001,1978,0
6712001,1978,0
6714001,1978,1
6716001,1978,0
6792001,1978,0
6793001,1978,0
6925001,1978,0
6926001,1978,0
6940001,1978,1
6982001,1978,0
7207001,1978,0
7423001,1978,1
7424001,1978,1
7425001,1978,1
7426001,1978,1
7427001,1978,1
7784001,1978,0
7861001,1978,1
7862001,1978,1
7863001,1978,0
7864001,1978,0
7866001,1978,0
7867001,1978,0
7868001,1978,0
7870001,1978,0
7871001,1978,0
7872001,1978,0
7873001,1978,0
7875001,1978,0
7876001,1978,0
7878001,1978,1
7879001,1978,0
7880001,1978,0
7881001,1978,0
7882001,1978,1
7883001,1978,0
7884001,1978,0
7885001,1978,0
7886001,1978,0
7887001,1978,0
7888001,1978,1
7889001,1978,0
7890001,1978,1
7891001,1978,0
7892001,1978,1
7894001,1978,0
7895001,1978,0
7896001,1978,0
7897001,1978,1
7898001,1978,0
7899001,1978,1
7900001,1978,0
7901001,1978,0
7902001,1978,0
7903001,1978,0
7904001,1978,1
7905001,1978,0
7906001,1978,0
7907001,1978,0
7908001,1978,1
7909001,1978,1
8155001,1978,0
9269001,1978,0
9279001,1978,1
9280001,1978,0
9281001,1978,0
9574001,1978,1
9708001,1978,1
9809001,1978,0
9813001,1978,0
10066001,1978,0
10118001,1978,0
10119001,1978,0
10122001,1978,0
10123001,1978,1
10124001,1978,1
10125001,1978,0
10127001,1978,0
10128001,1978,1
10175001,1978,0
10362001,1978,0
10545001,1978,0
10546001,1978,0
10547001,1978,0
10548001,1978,0
10549001,1978,0
10551001,1978,0
10558001,1978,0
10660001,1978,1
10663001,1978,0
5895001,1979,0
5896001,1979,0
5897001,1979,1
5900001,1979,0
6096001,1979,0
6097001,1979,0
6098001,1979,0
6099001,1979,1
6100001,1979,0
6101001,1979,0
6102001,1979,0
6105001,1979,0
6106001,1979,0
6124001,1979,0
6502001,1979,0
6718001,1979,0
6720001,1979,0
6721001,1979,0
6930001,1979,0
6931001,1979,0
6933001,1979,1
6934001,1979,0
6936001,1979,0
6937001,1979,0
7217001,1979,0
7218001,1979,1
7235001,1979,0
7428001,1979,1
7429001,1979,1
7430001,1979,0
7431001,1979,0
7432001,1979,1
7433001,1979,1
7434001,1979,0
7436001,1979,1
7437001,1979,1
7438001,1979,1
7439001,1979,0
7440001,1979,0
7447001,1979,1
7910001,1979,0
7911001,1979,0
7915001,1979,1
7917001,1979,0
7918001,1979,0
7919001,1979,1
7920001,1979,0
7921001,1979,0
7922001,1979,0
7923001,1979,0
7924001,1979,0
7925001,1979,0
7926001,1979,1
7928001,1979,0
7929001,1979,0
7930001,1979,0
7931001,1979,0
7932001,1979,1
7937001,1979,0
7938001,1979,0
7939001,1979,1
7940001,1979,0
7941001,1979,0
7942001,1979,0
7943001,1979,0
7962001,1979,1
7964001,1979,0
8082001,1979,1
8084001,1979,0
8551001,1979,0
9282001,1979,0
9283001,1979,0
9284001,1979,0
9439001,1979,0
9440001,1979,1
9576001,1979,0
9710001,1979,0
9825001,1979,0
9828001,1979,0
10132001,1979,0
10133001,1979,0
10134001,1979,0
10135001,1979,0
10136001,1979,0
10137001,1979,1
10138001,1979,0
10139001,1979,0
10140001,1979,0
10141001,1979,0
10142001,1979,0
10143001,1979,0
10145001,1979,1
10147001,1979,0
10148001,1979,1
10151001,1979,0
10152001,1979,0
10153001,1979,1
10557001,1979,0
5898001,1980,0
5901001,1980,0
5906001,1980,0
5907001,1980,0
5912001,1980,0
5914001,1980,0
5945001,1980,0
6107001,1980,0
6108001,1980,0
6109001,1980,0
6110001,1980,1
6111001,1980,0
6112001,1980,0
6113001,1980,0
6114001,1980,0
6115001,1980,0
6116001,1980,1
6117001,1980,0
6118001,1980,0
6119001,1980,0
6122001,1980,0
6418001,1980,0
6419001,1980,0
6420001,1980,0
6421001,1980,0
6422001,1980,0
6427001,1980,0
6488001,1980,0
6489001,1980,0
6490001,1980,0
6491001,1980,0
6725001,1980,0
6726001,1980,0
6728001,1980,0
6729001,1980,0
6938001,1980,1
6939001,1980,0
6941001,1980,0
6943001,1980,1
6944001,1980,0
6945001,1980,1
6946001,1980,0
6947001,1980,1
6951001,1980,1
7229001,1980,0
7442001,1980,1
7443001,1980,1
7444001,1980,0
7445001,1980,0
7945001,1980,0
7948001,1980,0
7949001,1980,0
7950001,1980,1
7951001,1980,0
7952001,1980,0
7953001,1980,0
7954001,1980,0
7955001,1980,0
7956001,1980,0
7957001,1980,1
7958001,1980,0
7959001,1980,0
7960001,1980,0
7963001,1980,0
7965001,1980,0
7966001,1980,0
7967001,1980,0
7968001,1980,1
7969001,1980,0
7970001,1980,0
7971001,1980,0
7972001,1980,1
7973001,1980,0
7974001,1980,0
7975001,1980,0
7976001,1980,0
7978001,1980,0
7983001,1980,0
7984001,1980,0
7985001,1980,0
7986001,1980,1
7987001,1980,0
7988001,1980,0
7989001,1980,0
7990001,1980,0
7991001,1980,1
7992001,1980,0
7993001,1980,0
7994001,1980,0
7995001,1980,0
7997001,1980,0
7998001,1980,1
7999001,1980,0
8000001,1980,0
8001001,1980,0
8002001,1980,1
8003001,1980,0
8007001,1980,0
8008001,1980,0
8010001,1980,0
8013001,1980,0
8015001,1980,1
8016001,1980,0
8017001,1980,0
8214001,1980,0
9285001,1980,0
9287001,1980,0
9288001,1980,0
9289001,1980,0
9293001,1980,0
9305001,1980,0
9441001,1980,0
9443001,1980,0
9577001,1980,0
9578001,1980,0
9829001,1980,0
9831001,1980,0
9832001,1980,1
9833001,1980,0
10156001,1980,0
10157001,1980,0
10158001,1980,0
10161001,1980,0
10162001,1980,0
10163001,1980,0
10164001,1980,0
10165001,1980,0
10169001,1980,0
10170001,1980,0
10172001,1980,0
10174001,1980,0
10231001,1980,0
10553001,1980,0
10559001,1980,0
10561001,1980,0
10564001,1980,1
10567001,1980,0
10665001,1980,0
16099001,1980,0
5899001,1981,0
5909001,1981,0
5910001,1981,1
5968001,1981,1
6125001,1981,1
6426001,1981,0
6492001,1981,0
6494001,1981,0
6497001,1981,0
6731001,1981,0
6949001,1981,1
6950001,1981,1
7227001,1981,0
7238001,1981,0
7242001,1981,1
7448001,1981,1
7449001,1981,0
7451001,1981,0
7452001,1981,1
7624001,1981,0
7912001,1981,0
8014001,1981,0
8019001,1981,0
8020001,1981,1
8022001,1981,0
8023001,1981,1
8025001,1981,0
8026001,1981,0
8027001,1981,0
8028001,1981,0
8029001,1981,1
8030001,1981,0
8032001,1981,0
8036001,1981,0
8037001,1981,0
8038001,1981,0
8039001,1981,0
8040001,1981,0
8041001,1981,0
8042001,1981,0
8044001,1981,0
8045001,1981,0
8047001,1981,0
8048001,1981,0
8049001,1981,0
8050001,1981,0
8051001,1981,0
8052001,1981,0
8053001,1981,0
8055001,1981,0
8056001,1981,0
8057001,1981,0
8058001,1981,0
8062001,1981,0
8063001,1981,0
8064001,1981,0
8065001,1981,1
8066001,1981,0
8067001,1981,0
8068001,1981,0
8070001,1981,0
8071001,1981,0
8075001,1981,0
8077001,1981,0
8078001,1981,0
8081001,1981,0
8083001,1981,0
8085001,1981,1
8086001,1981,1
8087001,1981,0
8088001,1981,0
8100001,1981,0
8245001,1981,0
9294001,1981,0
9295001,1981,0
9296001,1981,1
9298001,1981,0
9299001,1981,0
9300001,1981,0
9307001,1981,0
9444001,1981,1
9539001,1981,1
9579001,1981,0
9580001,1981,0
9834001,1981,0
9835001,1981,0
9837001,1981,0
10176001,1981,0
10177001,1981,0
10178001,1981,0
10179001,1981,0
10180001,1981,0
10183001,1981,0
10185001,1981,0
10186001,1981,0
10187001,1981,1
10570001,1981,0
10573001,1981,0
12986001,1981,0
5913001,1982,0
6126001,1982,0
6127001,1982,0
6129001,1982,0
6130001,1982,0
6131001,1982,0
6132001,1982,0
6133001,1982,0
6134001,1982,0
6135001,1982,0
6136001,1982,0
6137001,1982,0
6138001,1982,0
6141001,1982,1
6144001,1982,0
6145001,1982,0
6146001,1982,0
6161001,1982,0
6443001,1982,0
6495001,1982,0
6496001,1982,0
6499001,1982,0
6500001,1982,0
6701001,1982,0
6732001,1982,0
6733001,1982,0
6735001,1982,0
6954001,1982,1
6956001,1982,0
6961001,1982,1
6964001,1982,0
6965001,1982,0
7023001,1982,0
7093001,1982,0
7251001,1982,0
7255001,1982,0
7256001,1982,0
7257001,1982,0
7262001,1982,0
7263001,1982,0
7264001,1982,0
7266001,1982,0
7453001,1982,1
7454001,1982,0
7456001,1982,1
7457001,1982,1
7458001,1982,1
7459001,1982,1
8031001,1982,0
8074001,1982,0
8080001,1982,0
8089001,1982,0
8094001,1982,0
8095001,1982,1
8097001,1982,0
8098001,1982,0
8099001,1982,0
8101001,1982,0
8103001,1982,0
8104001,1982,0
8105001,1982,0
8106001,1982,0
8107001,1982,0
8108001,1982,0
8110001,1982,0
8111001,1982,0
8112001,1982,0
8113001,1982,0
8115001,1982,0
8116001,1982,0
8117001,1982,0
8118001,1982,0
8119001,1982,0
8120001,1982,0
8121001,1982,0
8122001,1982,1
8123001,1982,0
8126001,1982,0
8127001,1982,0
8128001,1982,0
8129001,1982,1
8130001,1982,0
8131001,1982,0
8132001,1982,0
8133001,1982,0
8134001,1982,0
8135001,1982,1
8136001,1982,0
8137001,1982,0
8138001,1982,0
8139001,1982,0
8303001,1982,0
9303001,1982,0
9490001,1982,1
9581001,1982,0
9839001,1982,0
9840001,1982,0
9846001,1982,0
10189001,1982,0
10190001,1982,1
10191001,1982,0
10192001,1982,0
10194001,1982,0
10195001,1982,0
10196001,1982,0
10197001,1982,0
10198001,1982,0
10199001,1982,0
10200001,1982,0
10466001,1982,1
10574001,1982,0
10576001,1982,0
10580001,1982,0
12852001,1982,0
5915001,1983,0
5916001,1983,0
5919001,1983,0
5920001,1983,1
6149001,1983,0
6150001,1983,0
6151001,1983,0
6152001,1983,0
6153001,1983,0
6154001,1983,0
6155001,1983,0
6156001,1983,1
6157001,1983,0
6158001,1983,0
6159001,1983,0
6160001,1983,1
6163001,1983,0
6165001,1983,0
6166001,1983,0
6167001,1983,0
6168001,1983,0
6169001,1983,0
6170001,1983,0
6212001,1983,0
6430001,1983,0
6431001,1983,1
6432001,1983,1
6434001,1983,0
6452001,1983,0
6503001,1983,0
6505001,1983,0
6508001,1983,0
6509001,1983,0
6736001,1983,0
6737001,1983,0
6738001,1983,0
6739001,1983,0
6962001,1983,0
6969001,1983,1
6970001,1983,0
7004001,1983,0
7460001,1983,1
7461001,1983,1
7462001,1983,0
7463001,1983,1
7467001,1983,1
8140001,1983,1
8142001,1983,0
8143001,1983,0
8144001,1983,0
8145001,1983,0
8147001,1983,0
8148001,1983,0
8150001,1983,0
8151001,1983,0
8152001,1983,0
8154001,1983,0
8156001,1983,0
8157001,1983,0
8160001,1983,0
8161001,1983,0
8162001,1983,0
8163001,1983,0
8164001,1983,0
8165001,1983,0
8166001,1983,0
8167001,1983,1
8168001,1983,0
8169001,1983,0
8170001,1983,0
8171001,1983,0
8172001,1983,0
8173001,1983,0
8174001,1983,0
8175001,1983,0
8176001,1983,0
8177001,1983,0
8178001,1983,0
8179001,1983,1
8181001,1983,1
8182001,1983,0
8183001,1983,0
8184001,1983,0
8185001,1983,0
8186001,1983,1
8188001,1983,0
8191001,1983,0
8192001,1983,0
8193001,1983,1
8196001,1983,0
8197001,1983,1
8198001,1983,0
8199001,1983,0
8201001,1983,0
8202001,1983,0
8203001,1983,0
8204001,1983,0
8205001,1983,0
8206001,1983,0
8207001,1983,1
8209001,1983,0
8210001,1983,0
8212001,1983,0
8213001,1983,0
8216001,1983,0
8217001,1983,0
8218001,1983,1
8220001,1983,0
8221001,1983,0
8222001,1983,0
8223001,1983,0
8224001,1983,0
8225001,1983,0
8226001,1983,0
8284001,1983,0
8342001,1983,0
8381001,1983,1
9302001,1983,0
9306001,1983,1
9308001,1983,0
9448001,1983,1
9449001,1983,0
9451001,1983,1
9554001,1983,1
9841001,1983,0
9843001,1983,0
9851001,1983,0
10202001,1983,0
10204001,1983,0
10205001,1983,0
10206001,1983,0
10207001,1983,0
10208001,1983,0
10209001,1983,0
10210001,1983,0
10211001,1983,0
10212001,1983,0
10213001,1983,0
10214001,1983,1
10215001,1983,0
10217001,1983,0
10218001,1983,0
10219001,1983,0
10581001,1983,0
10585001,1983,0
10588001,1983,0
10667001,1983,1
5921001,1984,0
5922001,1984,0
5930001,1984,0
5937001,1984,0
6164001,1984,0
6171001,1984,0
6172001,1984,0
6173001,1984,0
6176001,1984,0
6177001,1984,0
6178001,1984,0
6180001,1984,0
6181001,1984,0
6182001,1984,1
6183001,1984,0
6185001,1984,0
6186001,1984,0
6188001,1984,1
6435001,1984,0
6437001,1984,0
6563001,1984,0
6741001,1984,0
6742001,1984,0
6744001,1984,0
6972001,1984,0
6973001,1984,0
6974001,1984,1
6975001,1984,0
6977001,1984,1
6983001,1984,0
6990001,1984,1
7464001,1984,1
7465001,1984,1
7466001,1984,1
7468001,1984,1
7469001,1984,0
7470001,1984,1
7471001,1984,1
8227001,1984,0
8228001,1984,0
8229001,1984,0
8231001,1984,0
8232001,1984,1
8233001,1984,0
8234001,1984,0
8235001,1984,0
8236001,1984,0
8238001,1984,1
8239001,1984,0
8240001,1984,0
8241001,1984,0
8242001,1984,0
8243001,1984,0
8244001,1984,0
8246001,1984,0
8247001,1984,0
8248001,1984,0
8249001,1984,0
8250001,1984,0
8251001,1984,0
8252001,1984,0
8253001,1984,0
8254001,1984,0
8255001,1984,0
8256001,1984,0
8257001,1984,0
8258001,1984,1
8260001,1984,0
8262001,1984,0
8263001,1984,1
8264001,1984,0
8265001,1984,1
8266001,1984,0
8269001,1984,0
8270001,1984,0
8271001,1984,0
8272001,1984,1
8273001,1984,0
8276001,1984,0
8277001,1984,0
8278001,1984,0
8279001,1984,0
8280001,1984,0
8344001,1984,0
8384001,1984,0
8457001,1984,0
8497001,1984,0
9309001,1984,0
9311001,1984,0
9312001,1984,1
9340001,1984,0
9452001,1984,0
9453001,1984,1
9454001,1984,1
9455001,1984,1
9456001,1984,1
9457001,1984,0
9458001,1984,1
9459001,1984,1
9495001,1984,1
9842001,1984,0
9844001,1984,0
10220001,1984,0
10222001,1984,0
10223001,1984,1
10224001,1984,1
10225001,1984,0
10226001,1984,0
10227001,1984,0
10228001,1984,0
10229001,1984,0
10230001,1984,0
10234001,1984,0
10273001,1984,0
10284001,1984,0
10590001,1984,0
10591001,1984,0
10594001,1984,0
10597001,1984,0
10599001,1984,0
10613001,1984,1
13221001,1984,0
5923001,1985,0
6189001,1985,0
6190001,1985,0
6191001,1985,1
6193001,1985,0
6194001,1985,1
6195001,1985,0
6196001,1985,0
6198001,1985,0
6438001,1985,0
6440001,1985,0
6510001,1985,0
6511001,1985,0
6513001,1985,0
6745001,1985,0
6746001,1985,0
6985001,1985,0
6989001,1985,0
7277001,1985,1
7280001,1985,0
7473001,1985,1
7489001,1985,1
8281001,1985,0
8282001,1985,0
8283001,1985,0
8285001,1985,0
8289001,1985,0
8290001,1985,0
8292001,1985,0
8294001,1985,0
8295001,1985,0
8296001,1985,0
8297001,1985,0
8298001,1985,0
8299001,1985,0
8300001,1985,0
8301001,1985,0
8302001,1985,0
8304001,1985,0
8305001,1985,0
8306001,1985,0
8307001,1985,0
8308001,1985,0
8309001,1985,1
8310001,1985,1
8311001,1985,1
8312001,1985,0
8313001,1985,0
8316001,1985,0
8317001,1985,0
8318001,1985,0
8320001,1985,0
8321001,1985,0
8325001,1985,0
8326001,1985,0
8327001,1985,0
8329001,1985,0
8330001,1985,0
8331001,1985,0
8332001,1985,0
8333001,1985,0
8334001,1985,0
8336001,1985,0
8337001,1985,0
8338001,1985,0
8339001,1985,0
8340001,1985,0
8341001,1985,0
8343001,1985,0
8365001,1985,0
9315001,1985,1
9460001,1985,1
9461001,1985,1
9471001,1985,1
9584001,1985,0
9845001,1985,0
9847001,1985,0
10184001,1985,0
10232001,1985,1
10233001,1985,0
10235001,1985,0
10236001,1985,0
10237001,1985,0
10592001,1985,0
10593001,1985,0
10595001,1985,0
10596001,1985,0
10598001,1985,1
10604001,1985,0
10605001,1985,0
11356001,1985,0
5924001,1986,0
5927001,1986,0
5928001,1986,1
5929001,1986,0
5932001,1986,1
6200001,1986,0
6201001,1986,0
6202001,1986,0
6203001,1986,1
6204001,1986,1
6205001,1986,0
6206001,1986,0
6207001,1986,0
6441001,1986,0
6442001,1986,0
6515001,1986,0
6517001,1986,0
6518001,1986,0
6519001,1986,0
6520001,1986,0
6521001,1986,0
6747001,1986,0
6748001,1986,0
6749001,1986,0
6750001,1986,0
6751001,1986,0
6752001,1986,0
6753001,1986,0
6754001,1986,0
6991001,1986,0
6992001,1986,0
6996001,1986,0
6999001,1986,0
7001001,1986,0
7002001,1986,1
7003001,1986,0
7005001,1986,0
7006001,1986,0
7032001,1986,0
7281001,1986,0
7282001,1986,0
7283001,1986,0
7284001,1986,0
7289001,1986,0
7475001,1986,1
7477001,1986,1
7478001,1986,1
7479001,1986,1
8324001,1986,0
8385001,1986,1
8415001,1986,0
9094001,1986,0
9462001,1986,1
9463001,1986,0
9464001,1986,1
9586001,1986,0
9848001,1986,0
9850001,1986,0
10239001,1986,0
10241001,1986,0
10242001,1986,0
10243001,1986,0
10245001,1986,0
10246001,1986,0
10249001,1986,0
10254001,1986,0
10255001,1986,0
10256001,1986,0
10257001,1986,0
10258001,1986,0
10259001,1986,0
10260001,1986,0
10600001,1986,0
10601001,1986,0
10602001,1986,0
10603001,1986,0
10612001,1986,0
10669001,1986,1
10675001,1986,0
10676001,1986,0
6213001,1987,0
6215001,1987,0
6216001,1987,0
6217001,1987,0
6218001,1987,0
6219001,1987,0
6321001,1987,0
6447001,1987,0
6448001,1987,0
6449001,1987,0
6525001,1987,0
6758001,1987,0
6759001,1987,0
6760001,1987,0
6762001,1987,0
6763001,1987,0
6764001,1987,0
6984001,1987,0
7007001,1987,0
7008001,1987,0
7010001,1987,0
7012001,1987,0
7014001,1987,0
7016001,1987,0
7018001,1987,0
7031001,1987,1
7482001,1987,1
7483001,1987,0
7484001,1987,1
7540001,1987,1
8146001,1987,1
8345001,1987,0
8346001,1987,0
8349001,1987,0
8350001,1987,0
8352001,1987,0
8353001,1987,0
8355001,1987,0
8356001,1987,0
8357001,1987,0
8358001,1987,1
8359001,1987,1
8360001,1987,0
8361001,1987,0
8362001,1987,0
8364001,1987,0
8366001,1987,0
8367001,1987,0
8368001,1987,0
8369001,1987,0
8370001,1987,0
8371001,1987,0
8373001,1987,0
8374001,1987,0
8376001,1987,0
8391001,1987,0
8466001,1987,0
8531001,1987,0
9313001,1987,0
9318001,1987,0
9319001,1987,0
9320001,1987,0
9322001,1987,0
9324001,1987,0
9326001,1987,0
9328001,1987,0
9354001,1987,0
9465001,1987,1
9583001,1987,0
9852001,1987,0
9853001,1987,0
10253001,1987,0
10264001,1987,0
10265001,1987,0
10269001,1987,0
10271001,1987,0
10609001,1987,0
10610001,1987,0
10611001,1987,0
10620001,1987,0
10621001,1987,1
10653001,1987,0
10687001,1987,0
5933001,1988,0
5934001,1988,1
5935001,1988,0
5936001,1988,0
5938001,1988,0
5939001,1988,0
5944001,1988,0
5960001,1988,0
6220001,1988,0
6221001,1988,0
6222001,1988,0
6223001,1988,0
6226001,1988,0
6450001,1988,0
6451001,1988,0
6526001,1988,0
6527001,1988,0
6528001,1988,0
6530001,1988,0
6768001,1988,0
6788001,1988,0
6994001,1988,0
7020001,1988,0
7024001,1988,1
7026001,1988,0
7028001,1988,0
7049001,1988,0
7485001,1988,1
7487001,1988,1
8114001,1988,0
8377001,1988,0
8378001,1988,0
8379001,1988,1
8382001,1988,0
8383001,1988,0
8386001,1988,0
8387001,1988,0
8388001,1988,0
8389001,1988,0
8390001,1988,0
8392001,1988,0
8393001,1988,0
8394001,1988,1
8395001,1988,0
8396001,1988,0
8397001,1988,0
8399001,1988,0
8400001,1988,0
8401001,1988,0
8402001,1988,0
8405001,1988,1
8406001,1988,0
8407001,1988,0
8408001,1988,0
9323001,1988,0
9329001,1988,0
9330001,1988,0
9332001,1988,0
9468001,1988,1
9469001,1988,0
9470001,1988,1
9472001,1988,1
9473001,1988,1
9492001,1988,1
9588001,1988,0
9610001,1988,0
9854001,1988,0
9855001,1988,0
10274001,1988,0
10275001,1988,0
10276001,1988,0
10614001,1988,0
10615001,1988,0
10616001,1988,0
10617001,1988,0
10618001,1988,0
10619001,1988,0
10624001,1988,0
10625001,1988,0
10685001,1988,0
5941001,1989,1
6234001,1989,0
6454001,1989,0
6532001,1989,0
6533001,1989,0
6534001,1989,0
6537001,1989,0
6539001,1989,0
6540001,1989,0
6542001,1989,0
6543001,1989,0
7025001,1989,0
7044001,1989,0
7073001,1989,0
8412001,1989,1
8416001,1989,0
8417001,1989,0
8419001,1989,0
8421001,1989,0
8422001,1989,1
8423001,1989,1
8424001,1989,0
8425001,1989,0
8427001,1989,0
8430001,1989,0
8431001,1989,0
8432001,1989,0
8433001,1989,0
8434001,1989,0
8436001,1989,0
8437001,1989,0
8438001,1989,0
8439001,1989,0
8440001,1989,0
8441001,1989,0
8442001,1989,0
8443001,1989,0
8444001,1989,0
8445001,1989,0
8446001,1989,0
8447001,1989,1
8449001,1989,0
8450001,1989,0
8453001,1989,0
8454001,1989,0
8459001,1989,1
8757001,1989,0
9333001,1989,0
9335001,1989,0
9336001,1989,0
9474001,1989,0
9475001,1989,1
9476001,1989,1
9480001,1989,1
9856001,1989,0
9858001,1989,0
10278001,1989,0
10280001,1989,1
10283001,1989,0
10622001,1989,0
10623001,1989,0
12751001,1989,0
5946001,1990,0
5956001,1990,0
5959001,1990,0
6231001,1990,1
6232001,1990,0
6233001,1990,0
6238001,1990,0
6239001,1990,0
6241001,1990,0
6545001,1990,0
6547001,1990,0
6548001,1990,0
6769001,1990,0
6770001,1990,0
7037001,1990,0
7038001,1990,1
7040001,1990,0
7041001,1990,0
7295001,1990,0
7492001,1990,1
8451001,1990,0
8452001,1990,0
8455001,1990,0
8456001,1990,0
8472001,1990,0
8569001,1990,1
9338001,1990,0
9477001,1990,1
9478001,1990,1
9479001,1990,1
9481001,1990,1
9590001,1990,0
9859001,1990,0
9861001,1990,0
9862001,1990,0
9863001,1990,0
9884001,1990,0
10285001,1990,0
10286001,1990,0
10287001,1990,0
10626001,1990,0
10627001,1990,0
10628001,1990,0
10629001,1990,1
10710001,1990,0
11549001,1990,0
12859001,1990,0
12963001,1990,0
13026001,1990,0
5948001,1991,0
5951001,1991,0
5953001,1991,0
5954001,1991,0
5987001,1991,0
6249001,1991,1
6251001,1991,0
6252001,1991,1
6255001,1991,0
6455001,1991,0
6458001,1991,0
6460001,1991,0
6549001,1991,0
6550001,1991,1
6551001,1991,0
6552001,1991,0
6553001,1991,0
6554001,1991,0
6555001,1991,0
6556001,1991,0
6557001,1991,0
6558001,1991,0
6559001,1991,0
6560001,1991,0
6561001,1991,0
6562001,1991,1
6565001,1991,0
6773001,1991,0
6774001,1991,0
7046001,1991,0
7048001,1991,0
7050001,1991,0
7056001,1991,1
7069001,1991,0
7086001,1991,0
7299001,1991,0
7301001,1991,0
7494001,1991,1
7495001,1991,1
7497001,1991,1
7498001,1991,1
8274001,1991,0
8463001,1991,0
8468001,1991,0
8471001,1991,0
8486001,1991,0
8543001,1991,0
8971001,1991,0
9342001,1991,0
9343001,1991,0
9344001,1991,0
9482001,1991,1
9483001,1991,1
9503001,1991,1
9857001,1991,0
9864001,1991,0
10288001,1991,0
10289001,1991,0
10291001,1991,0
10292001,1991,0
10323001,1991,0
10630001,1991,1
10631001,1991,0
10632001,1991,0
10696001,1991,0
10699001,1991,0
5955001,1992,1
5972001,1992,1
6263001,1992,0
6267001,1992,0
6461001,1992,0
6566001,1992,0
6567001,1992,0
6568001,1992,0
6569001,1992,0
6570001,1992,0
6571001,1992,0
6573001,1992,0
6574001,1992,0
6575001,1992,0
6576001,1992,0
6780001,1992,0
6785001,1992,0
6822001,1992,0
7055001,1992,0
7305001,1992,0
7502001,1992,0
7503001,1992,1
7505001,1992,1
7508001,1992,1
8335001,1992,0
8464001,1992,0
8467001,1992,0
8470001,1992,0
8473001,1992,0
8474001,1992,0
8475001,1992,0
8476001,1992,1
8478001,1992,0
8480001,1992,0
8482001,1992,0
8484001,1992,0
8485001,1992,0
8490001,1992,0
8494001,1992,0
8545001,1992,0
9013001,1992,0
9346001,1992,0
9347001,1992,0
9351001,1992,0
9485001,1992,1
9486001,1992,0
9510001,1992,1
9530001,1992,1
9592001,1992,0
9593001,1992,0
9595001,1992,0
9865001,1992,0
9867001,1992,0
10293001,1992,0
10294001,1992,1
10633001,1992,0
10634001,1992,0
5957001,1993,0
5958001,1993,0
5961001,1993,0
6269001,1993,0
6271001,1993,0
6274001,1993,0
6277001,1993,0
6297001,1993,1
6446001,1993,0
6544001,1993,1
6577001,1993,0
6578001,1993,0
6579001,1993,0
6580001,1993,0
6581001,1993,0
6582001,1993,0
6781001,1993,0
6782001,1993,0
6784001,1993,0
7058001,1993,0
7061001,1993,0
7062001,1993,0
7063001,1993,0
7313001,1993,0
7506001,1993,1
7507001,1993,1
7510001,1993,1
8409001,1993,0
8495001,1993,0
8496001,1993,0
8498001,1993,0
8499001,1993,1
8501001,1993,0
8502001,1993,0
8503001,1993,0
8504001,1993,0
8505001,1993,0
8506001,1993,1
8508001,1993,0
8511001,1993,0
8512001,1993,0
8513001,1993,0
8514001,1993,0
8515001,1993,0
8517001,1993,0
8518001,1993,0
8520001,1993,0
8521001,1993,0
8522001,1993,0
8523001,1993,0
8526001,1993,0
8527001,1993,0
9355001,1993,0
9358001,1993,0
9359001,1993,0
9493001,1993,1
9494001,1993,1
9497001,1993,1
9507001,1993,1
9870001,1993,0
9873001,1993,0
10296001,1993,0
10305001,1993,0
10306001,1993,0
12879001,1993,0
5963001,1994,0
5966001,1994,0
5971001,1994,0
5973001,1994,0
6278001,1994,0
6279001,1994,0
6285001,1994,0
6583001,1994,1
6584001,1994,0
6585001,1994,0
6586001,1994,0
6587001,1994,0
6588001,1994,0
6589001,1994,0
6590001,1994,0
6591001,1994,0
6592001,1994,0
6593001,1994,0
6783001,1994,0
6786001,1994,0
6789001,1994,0
7065001,1994,0
7066001,1994,0
7067001,1994,1
7068001,1994,0
7070001,1994,0
7072001,1994,0
7074001,1994,0
7317001,1994,0
7318001,1994,1
7320001,1994,0
7324001,1994,1
7345001,1994,0
7511001,1994,1
7512001,1994,0
7513001,1994,1
8404001,1994,1
8524001,1994,1
8528001,1994,0
8529001,1994,0
8533001,1994,0
8535001,1994,0
8537001,1994,0
8538001,1994,0
8539001,1994,0
8541001,1994,1
8546001,1994,1
8547001,1994,0
9327001,1994,0
9357001,1994,0
9499001,1994,1
9500001,1994,1
9501001,1994,1
9502001,1994,1
9594001,1994,0
9596001,1994,0
9597001,1994,0
9598001,1994,1
9683001,1994,0
9868001,1994,0
9869001,1994,0
9871001,1994,0
9874001,1994,0
9875001,1994,1
9889001,1994,0
10298001,1994,0
10299001,1994,0
10300001,1994,0
10301001,1994,0
10418001,1994,0
10673001,1994,0
5970001,1995,0
6286001,1995,0
6287001,1995,0
6288001,1995,0
6289001,1995,0
6594001,1995,0
6595001,1995,0
6596001,1995,0
6597001,1995,0
6598001,1995,0
6599001,1995,0
6600001,1995,0
6603001,1995,0
6790001,1995,0
6791001,1995,0
6795001,1995,0
7076001,1995,0
7111001,1995,0
7325001,1995,0
7327001,1995,0
7332001,1995,0
7514001,1995,1
7515001,1995,1
7516001,1995,1
7517001,1995,1
7521001,1995,1
8530001,1995,0
8536001,1995,0
8542001,1995,0
8544001,1995,0
8548001,1995,0
8555001,1995,0
8557001,1995,0
8558001,1995,0
8559001,1995,0
8560001,1995,0
8563001,1995,0
8565001,1995,0
8566001,1995,0
8568001,1995,0
8570001,1995,0
8571001,1995,1
8572001,1995,0
8573001,1995,0
8574001,1995,0
8588001,1995,0
8602001,1995,0
8709001,1995,0
8819001,1995,1
9185001,1995,0
9363001,1995,1
9364001,1995,0
9505001,1995,1
9506001,1995,1
9508001,1995,1
9509001,1995,1
9600001,1995,1
9603001,1995,0
9619001,1995,0
9620001,1995,0
9631001,1995,0
9679001,1995,0
9685001,1995,0
9692001,1995,0
9878001,1995,0
9879001,1995,0
9880001,1995,0
9881001,1995,0
9882001,1995,0
9883001,1995,1
9934001,1995,0
10303001,1995,0
10304001,1995,0
10307001,1995,1
10308001,1995,0
10700001,1995,0
12061001,1995,0
12896001,1995,0
12951001,1995,0
5975001,1996,0
5976001,1996,0
6290001,1996,1
6291001,1996,0
6292001,1996,0
6293001,1996,0
6294001,1996,0
6295001,1996,0
6296001,1996,0
6601001,1996,0
6602001,1996,0
6605001,1996,0
6606001,1996,0
6613001,1996,0
6796001,1996,0
6797001,1996,0
6799001,1996,0
7081001,1996,0
7114001,1996,0
7518001,1996,1
7519001,1996,1
8348001,1996,0
8554001,1996,0
8577001,1996,1
8578001,1996,0
8582001,1996,0
8584001,1996,0
8585001,1996,0
8586001,1996,0
8587001,1996,0
8590001,1996,0
8592001,1996,1
8596001,1996,1
8597001,1996,0
8598001,1996,0
8601001,1996,0
8603001,1996,0
8605001,1996,0
8606001,1996,0
8607001,1996,0
8608001,1996,0
8609001,1996,0
8949001,1996,0
9193001,1996,0
9366001,1996,0
9367001,1996,0
9371001,1996,0
9374001,1996,0
9604001,1996,0
9625001,1996,0
9626001,1996,0
9627001,1996,0
9628001,1996,0
9885001,1996,0
9887001,1996,1
9888001,1996,0
10309001,1996,0
10310001,1996,0
10311001,1996,0
10312001,1996,0
10313001,1996,0
10314001,1996,0
10315001,1996,0
10316001,1996,0
10317001,1996,0
10318001,1996,0
10319001,1996,0
10320001,1996,0
10321001,1996,0
10693001,1996,0
13284001,1996,0
5977001,1997,0
6298001,1997,0
6299001,1997,0
6300001,1997,0
6301001,1997,1
6607001,1997,0
6608001,1997,0
6609001,1997,0
6610001,1997,0
6611001,1997,0
6612001,1997,0
6614001,1997,0
6615001,1997,0
6616001,1997,0
6617001,1997,0
6620001,1997,0
6798001,1997,0
6801001,1997,1
7085001,1997,0
7087001,1997,0
7088001,1997,0
7107001,1997,0
7137001,1997,0
7334001,1997,0
7335001,1997,0
7337001,1997,0
7520001,1997,1
8580001,1997,1
8591001,1997,0
8593001,1997,0
8595001,1997,0
8612001,1997,0
8613001,1997,0
8614001,1997,0
8615001,1997,0
8616001,1997,0
8617001,1997,0
8618001,1997,0
8619001,1997,1
8620001,1997,0
8621001,1997,0
8622001,1997,1
8623001,1997,0
8624001,1997,0
8625001,1997,0
8626001,1997,0
8627001,1997,0
8628001,1997,0
8629001,1997,0
8630001,1997,0
8631001,1997,0
8632001,1997,0
8635001,1997,0
8637001,1997,0
8638001,1997,0
8639001,1997,0
8640001,1997,0
8644001,1997,1
8645001,1997,0
8648001,1997,0
8649001,1997,0
8650001,1997,0
8651001,1997,0
8652001,1997,0
8653001,1997,0
8654001,1997,0
8655001,1997,0
8656001,1997,0
8657001,1997,0
8668001,1997,0
8747001,1997,0
8789001,1997,1
9369001,1997,0
9370001,1997,0
9376001,1997,0
9513001,1997,1
9514001,1997,1
9521001,1997,1
9629001,1997,0
9632001,1997,0
9633001,1997,0
9634001,1997,0
9886001,1997,0
9898001,1997,0
10324001,1997,0
10325001,1997,0
10326001,1997,0
10328001,1997,0
10329001,1997,0
10330001,1997,0
10333001,1997,0
10334001,1997,0
10335001,1997,0
10337001,1997,0
10338001,1997,0
10348001,1997,0
10637001,1997,0
10638001,1997,0
10678001,1997,0
10679001,1997,0
11048001,1997,0
12713001,1997,0
5978001,1998,0
6302001,1998,1
6303001,1998,0
6304001,1998,0
6305001,1998,0
6306001,1998,0
6307001,1998,0
6308001,1998,0
6309001,1998,0
6310001,1998,0
6311001,1998,0
6618001,1998,0
6621001,1998,0
6647001,1998,0
6800001,1998,0
6802001,1998,0
6803001,1998,0
6804001,1998,0
7092001,1998,0
7338001,1998,0
7339001,1998,0
7340001,1998,0
7360001,1998,0
7524001,1998,1
7525001,1998,1
7526001,1998,1
7527001,1998,1
7528001,1998,1
7529001,1998,1
7530001,1998,1
8658001,1998,0
8662001,1998,0
8663001,1998,1
8664001,1998,0
8665001,1998,0
8666001,1998,1
8667001,1998,0
8670001,1998,0
8673001,1998,0
8674001,1998,0
8676001,1998,0
8677001,1998,0
8680001,1998,0
8681001,1998,0
8682001,1998,0
8684001,1998,0
8685001,1998,0
8687001,1998,1
8688001,1998,0
8689001,1998,0
8690001,1998,0
8691001,1998,0
8694001,1998,0
8695001,1998,0
8696001,1998,0
8697001,1998,1
8699001,1998,0
8706001,1998,1
8713001,1998,0
8742001,1998,0
8779001,1998,0
8837001,1998,0
9157001,1998,0
9373001,1998,0
9375001,1998,0
9377001,1998,1
9383001,1998,0
9516001,1998,1
9517001,1998,0
9518001,1998,1
9519001,1998,1
9520001,1998,1
9526001,1998,1
9635001,1998,0
9636001,1998,0
9637001,1998,0
9640001,1998,0
9641001,1998,0
9642001,1998,0
9890001,1998,1
10341001,1998,0
10342001,1998,0
10345001,1998,0
10346001,1998,0
10347001,1998,0
10349001,1998,1
10350001,1998,0
10351001,1998,0
10352001,1998,0
10353001,1998,0
10354001,1998,0
10355001,1998,0
10356001,1998,0
10357001,1998,0
10358001,1998,0
10359001,1998,0
10360001,1998,0
10361001,1998,0
10385001,1998,0
10680001,1998,1
10689001,1998,0
10694001,1998,0
10701001,1998,1
11004001,1998,0
13291001,1998,1
5983001,1999,0
6312001,1999,0
6314001,1999,0
6317001,1999,0
6604001,1999,0
6622001,1999,0
6623001,1999,0
6628001,1999,0
6629001,1999,0
6631001,1999,0
6633001,1999,0
6805001,1999,0
6806001,1999,0
6807001,1999,0
6808001,1999,0
6810001,1999,0
6811001,1999,0
7094001,1999,0
7096001,1999,0
7097001,1999,1
7106001,1999,0
7342001,1999,0
7531001,1999,1
7532001,1999,1
8678001,1999,0
8679001,1999,0
8700001,1999,0
8701001,1999,0
8702001,1999,0
8704001,1999,0
8708001,1999,0
8710001,1999,0
8712001,1999,0
8714001,1999,0
8715001,1999,0
8716001,1999,0
8718001,1999,0
8719001,1999,0
8721001,1999,0
8722001,1999,0
8726001,1999,0
8727001,1999,0
8731001,1999,0
8734001,1999,0
8735001,1999,0
8736001,1999,0
8737001,1999,0
8739001,1999,0
8740001,1999,0
8741001,1999,1
8744001,1999,0
8748001,1999,0
8749001,1999,0
8751001,1999,0
8758001,1999,1
8839001,1999,0
8876001,1999,1
9378001,1999,0
9379001,1999,0
9380001,1999,0
9381001,1999,0
9523001,1999,1
9608001,1999,1
9648001,1999,0
9650001,1999,0
9659001,1999,0
10363001,1999,0
10368001,1999,0
10371001,1999,0
10374001,1999,1
10375001,1999,0
10376001,1999,0
10378001,1999,0
10383001,1999,0
10389001,1999,0
10407001,1999,0
11632001,1999,1
11646001,1999,1
12667001,1999,0
12811001,1999,0
13466001,1999,0
6318001,2000,0
6319001,2000,0
6320001,2000,0
6632001,2000,0
6638001,2000,0
6812001,2000,0
6813001,2000,0
6814001,2000,1
6817001,2000,0
6820001,2000,0
6848001,2000,0
7099001,2000,0
7100001,2000,0
7101001,2000,0
7102001,2000,0
7103001,2000,0
7110001,2000,0
7119001,2000,0
7346001,2000,0
7347001,2000,0
7533001,2000,0
7534001,2000,1
7535001,2000,1
7536001,2000,1
7556001,2000,1
8723001,2000,0
8750001,2000,0
8753001,2000,0
8754001,2000,1
8756001,2000,0
8759001,2000,0
8761001,2000,0
8764001,2000,0
8765001,2000,0
8770001,2000,0
8771001,2000,0
8772001,2000,0
8776001,2000,0
8777001,2000,0
8778001,2000,0
8787001,2000,0
8788001,2000,0
8791001,2000,1
8795001,2000,0
8796001,2000,0
8797001,2000,0
8799001,2000,0
8801001,2000,1
8804001,2000,1
8805001,2000,0
8806001,2000,0
8807001,2000,0
8810001,2000,0
8811001,2000,0
8813001,2000,0
8821001,2000,0
8823001,2000,1
8832001,2000,1
8841001,2000,0
8855001,2000,0
8858001,2000,0
8936001,2000,0
8959001,2000,0
9104001,2000,0
9384001,2000,0
9385001,2000,0
9386001,2000,0
9398001,2000,1
9527001,2000,0
9649001,2000,0
9652001,2000,0
9656001,2000,0
9658001,2000,0
9660001,2000,0
9663001,2000,0
9668001,2000,0
9672001,2000,0
9891001,2000,0
9894001,2000,0
9895001,2000,0
9896001,2000,0
9897001,2000,0
9903001,2000,0
10387001,2000,0
10390001,2000,1
10391001,2000,1
10392001,2000,0
10394001,2000,0
10395001,2000,0
10396001,2000,1
10397001,2000,1
10414001,2000,0
10428001,2000,0
10435001,2000,0
10463001,2000,0
10491001,2000,0
10642001,2000,1
10643001,2000,0
10721001,2000,0
11208001,2000,0
11578001,2000,0
12223001,2000,0
12946001,2000,0
5985001,2001,0
6322001,2001,0
6323001,2001,0
6324001,2001,0
6327001,2001,0
6639001,2001,0
6640001,2001,0
6644001,2001,0
6815001,2001,0
6818001,2001,0
6819001,2001,0
7109001,2001,0
7112001,2001,0
7115001,2001,0
7118001,2001,0
7537001,2001,1
7538001,2001,1
7539001,2001,1
7544001,2001,1
8785001,2001,0
8786001,2001,0
8798001,2001,0
8809001,2001,0
8815001,2001,0
8816001,2001,0
8817001,2001,0
8818001,2001,0
8820001,2001,0
8822001,2001,0
8825001,2001,0
8826001,2001,0
8829001,2001,0
8831001,2001,0
8833001,2001,0
8834001,2001,0
8836001,2001,0
8838001,2001,0
8840001,2001,0
8843001,2001,0
8844001,2001,0
8846001,2001,0
8848001,2001,0
8850001,2001,0
8851001,2001,0
8852001,2001,0
8853001,2001,0
8854001,2001,0
8857001,2001,0
8862001,2001,0
8863001,2001,0
8864001,2001,0
8865001,2001,0
8868001,2001,0
8900001,2001,0
8906001,2001,0
8926001,2001,0
8944001,2001,0
9105001,2001,0
9123001,2001,1
9210001,2001,0
9387001,2001,0
9394001,2001,0
9529001,2001,1
9612001,2001,0
9664001,2001,0
9665001,2001,0
9666001,2001,0
9669001,2001,0
9671001,2001,0
9673001,2001,0
9674001,2001,0
9675001,2001,0
9899001,2001,0
9900001,2001,0
9904001,2001,0
9905001,2001,0
9911001,2001,0
10399001,2001,0
10401001,2001,0
10402001,2001,0
10406001,2001,0
10408001,2001,1
10433001,2001,0
10496001,2001,0
10498001,2001,0
10715001,2001,0
11264001,2001,0
12780001,2001,0
12850001,2001,0
5988001,2002,0
6329001,2002,1
6330001,2002,0
6331001,2002,0
6332001,2002,0
6641001,2002,0
6643001,2002,0
6645001,2002,0
6646001,2002,0
6652001,2002,0
6821001,2002,0
7104001,2002,0
7121001,2002,0
7126001,2002,0
7147001,2002,0
7349001,2002,0
8594001,2002,0
8669001,2002,0
8671001,2002,0
8760001,2002,0
8768001,2002,0
8812001,2002,0
8828001,2002,0
8869001,2002,0
8870001,2002,0
8871001,2002,0
8872001,2002,0
8874001,2002,0
8875001,2002,0
8878001,2002,0
8879001,2002,0
8880001,2002,0
8884001,2002,0
8885001,2002,0
8886001,2002,0
8889001,2002,0
8890001,2002,0
8891001,2002,0
8892001,2002,0
8897001,2002,1
8907001,2002,0
8912001,2002,0
8914001,2002,0
8923001,2002,0
8961001,2002,0
8968001,2002,0
9119001,2002,0
9388001,2002,0
9528001,2002,1
9676001,2002,0
9705001,2002,0
9907001,2002,0
9908001,2002,0
9909001,2002,0
9910001,2002,0
9921001,2002,0
9922001,2002,0
10410001,2002,0
10412001,2002,0
10416001,2002,0
10419001,2002,0
10420001,2002,1
10421001,2002,0
10422001,2002,0
10423001,2002,0
10424001,2002,0
10425001,2002,0
10427001,2002,0
10429001,2002,0
10430001,2002,0
10432001,2002,0
10645001,2002,0
11407001,2002,0
11538001,2002,0
11651001,2002,0
13124001,2002,0
5989001,2003,0
5991001,2003,0
6337001,2003,0
6653001,2003,0
6654001,2003,0
6824001,2003,0
6825001,2003,0
6833001,2003,0
7091001,2003,0
7120001,2003,0
7123001,2003,0
7124001,2003,0
7131001,2003,0
7351001,2003,0
7356001,2003,0
7541001,2003,1
7542001,2003,1
7543001,2003,1
8842001,2003,0
8882001,2003,0
8899001,2003,0
8904001,2003,0
8909001,2003,0
8911001,2003,0
8913001,2003,0
8917001,2003,0
8924001,2003,0
8925001,2003,0
8927001,2003,0
8929001,2003,0
8931001,2003,0
8932001,2003,0
8934001,2003,0
8939001,2003,0
8941001,2003,0
8945001,2003,0
8946001,2003,0
8950001,2003,0
8951001,2003,0
8952001,2003,0
8963001,2003,1
8964001,2003,0
8969001,2003,0
8970001,2003,0
8972001,2003,0
8975001,2003,0
9006001,2003,0
9148001,2003,0
9204001,2003,0
9392001,2003,0
9531001,2003,1
9532001,2003,1
9543001,2003,1
9546001,2003,1
9615001,2003,0
9621001,2003,0
9622001,2003,0
9624001,2003,0
9913001,2003,0
9915001,2003,0
9916001,2003,0
9917001,2003,0
9919001,2003,0
9920001,2003,0
9931001,2003,0
9932001,2003,0
10400001,2003,0
10404001,2003,0
10434001,2003,0
10436001,2003,0
10438001,2003,0
10439001,2003,0
10440001,2003,0
10441001,2003,0
10442001,2003,0
10443001,2003,0
10444001,2003,0
10445001,2003,0
10446001,2003,0
10447001,2003,0
10450001,2003,0
10452001,2003,0
10455001,2003,0
10472001,2003,0
10478001,2003,0
10479001,2003,0
10646001,2003,0
10707001,2003,0
10828001,2003,1
10873001,2003,0
11265001,2003,0
12536001,2003,0
12867001,2003,0
16147001,2003,0
5994001,2004,1
5995001,2004,0
6336001,2004,0
6340001,2004,0
6341001,2004,1
6342001,2004,0
6343001,2004,0
6344001,2004,0
6346001,2004,0
6347001,2004,0
6649001,2004,0
6655001,2004,0
6658001,2004,0
6659001,2004,0
6661001,2004,0
6663001,2004,0
6829001,2004,0
6830001,2004,0
7135001,2004,0
7136001,2004,0
7139001,2004,1
7352001,2004,0
7353001,2004,0
7355001,2004,0
7545001,2004,1
7546001,2004,1
7547001,2004,1
7548001,2004,1
7549001,2004,1
7550001,2004,1
7551001,2004,1
7552001,2004,0
8856001,2004,0
8877001,2004,0
8973001,2004,0
8976001,2004,0
8980001,2004,0
8981001,2004,0
8982001,2004,0
8983001,2004,0
8984001,2004,1
8985001,2004,0
8986001,2004,1
8987001,2004,0
8988001,2004,0
8989001,2004,1
8992001,2004,0
8994001,2004,0
8995001,2004,0
8996001,2004,0
8999001,2004,0
9000001,2004,0
9001001,2004,0
9002001,2004,0
9004001,2004,0
9007001,2004,0
9008001,2004,0
9010001,2004,0
9015001,2004,0
9017001,2004,0
9076001,2004,0
9110001,2004,0
9134001,2004,0
9395001,2004,0
9399001,2004,0
9534001,2004,1
9537001,2004,1
9538001,2004,1
9540001,2004,1
9678001,2004,0
9680001,2004,0
9923001,2004,0
9924001,2004,0
9925001,2004,1
9926001,2004,0
9927001,2004,0
9928001,2004,1
9929001,2004,0
9930001,2004,0
9938001,2004,1
9939001,2004,0
10448001,2004,0
10449001,2004,0
10453001,2004,1
10456001,2004,0
10458001,2004,0
10459001,2004,0
10460001,2004,0
10461001,2004,0
10462001,2004,0
10648001,2004,0
10652001,2004,0
10845001,2004,0
11363001,2004,0
12069001,2004,0
12944001,2004,0
13871001,2004,0
16054001,2004,0
5998001,2005,0
6351001,2005,0
6352001,2005,0
6353001,2005,0
6664001,2005,0
6665001,2005,0
6666001,2005,0
6667001,2005,0
6674001,2005,0
6832001,2005,0
6836001,2005,0
6837001,2005,0
6838001,2005,0
7122001,2005,0
7140001,2005,0
7142001,2005,0
7357001,2005,0
7358001,2005,1
7553001,2005,0
7554001,2005,0
7555001,2005,1
7557001,2005,1
7558001,2005,1
7560001,2005,1
7561001,2005,1
7562001,2005,1
7577001,2005,1
8790001,2005,0
8894001,2005,0
8902001,2005,0
8916001,2005,0
8955001,2005,0
8991001,2005,0
9014001,2005,0
9018001,2005,0
9019001,2005,0
9020001,2005,0
9021001,2005,0
9025001,2005,0
9026001,2005,0
9032001,2005,0
9034001,2005,1
9037001,2005,0
9043001,2005,0
9046001,2005,1
9047001,2005,0
9049001,2005,0
9052001,2005,0
9055001,2005,1
9059001,2005,0
9064001,2005,0
9065001,2005,0
9066001,2005,0
9067001,2005,0
9068001,2005,0
9070001,2005,0
9071001,2005,0
9074001,2005,0
9075001,2005,0
9077001,2005,0
9078001,2005,1
9080001,2005,0
9082001,2005,0
9083001,2005,0
9085001,2005,0
9098001,2005,0
9116001,2005,0
9122001,2005,0
9145001,2005,0
9196001,2005,0
9397001,2005,0
9541001,2005,0
9542001,2005,1
9616001,2005,0
9677001,2005,0
9681001,2005,0
9682001,2005,0
9684001,2005,0
9687001,2005,0
9690001,2005,0
9691001,2005,0
9933001,2005,0
9937001,2005,1
9940001,2005,0
9942001,2005,0
9943001,2005,0
9944001,2005,0
9949001,2005,0
9950001,2005,0
10451001,2005,0
10464001,2005,0
10467001,2005,0
10468001,2005,0
10469001,2005,0
10470001,2005,0
10471001,2005,0
10473001,2005,0
10474001,2005,0
10475001,2005,0
10476001,2005,0
10480001,2005,0
10482001,2005,0
10503001,2005,0
10650001,2005,0
10711001,2005,0
10717001,2005,0
10718001,2005,0
10817001,2005,0
11005001,2005,0
11354001,2005,0
11462001,2005,0
11988001,2005,0
12487001,2005,0
13174001,2005,0
5999001,2006,1
6349001,2006,0
6354001,2006,0
6355001,2006,0
6356001,2006,0
6359001,2006,0
6360001,2006,1
6362001,2006,0
6669001,2006,0
6671001,2006,0
6672001,2006,0
6673001,2006,0
6678001,2006,0
6839001,2006,0
6840001,2006,0
6842001,2006,0
6843001,2006,0
6844001,2006,0
6847001,2006,0
7154001,2006,0
7359001,2006,0
7559001,2006,1
7563001,2006,1
7564001,2006,1
7565001,2006,0
7566001,2006,1
7567001,2006,1
7574001,2006,1
8775001,2006,0
8835001,2006,1
8849001,2006,0
8905001,2006,0
8956001,2006,0
9029001,2006,0
9035001,2006,0
9048001,2006,1
9061001,2006,0
9073001,2006,0
9090001,2006,0
9095001,2006,0
9106001,2006,1
9108001,2006,0
9109001,2006,0
9111001,2006,1
9112001,2006,0
9118001,2006,0
9121001,2006,0
9125001,2006,0
9136001,2006,0
9138001,2006,0
9139001,2006,0
9140001,2006,0
9147001,2006,0
9151001,2006,0
9153001,2006,0
9154001,2006,0
9156001,2006,0
9158001,2006,0
9159001,2006,0
9160001,2006,0
9161001,2006,0
9164001,2006,0
9171001,2006,0
9206001,2006,0
9233001,2006,0
9396001,2006,0
9400001,2006,0
9401001,2006,0
9402001,2006,0
9403001,2006,0
9404001,2006,0
9405001,2006,0
9407001,2006,0
9544001,2006,1
9545001,2006,0
9547001,2006,0
9623001,2006,0
9952001,2006,0
10484001,2006,0
10492001,2006,0
10494001,2006,0
10501001,2006,0
10708001,2006,0
11421001,2006,0
11629001,2006,0
11761001,2006,0
12568001,2006,0
12821001,2006,0
13016001,2006,0
6001001,2007,1
6363001,2007,0
6366001,2007,0
6367001,2007,0
6642001,2007,0
6668001,2007,0
6679001,2007,0
6681001,2007,0
6682001,2007,0
6683001,2007,0
6684001,2007,0
6845001,2007,0
6846001,2007,0
6850001,2007,0
6851001,2007,1
6852001,2007,0
7151001,2007,0
7163001,2007,0
7569001,2007,1
7571001,2007,0
7573001,2007,0
7575001,2007,1
7576001,2007,1
7578001,2007,1
7579001,2007,1
7580001,2007,1
8938001,2007,0
8974001,2007,0
9057001,2007,0
9087001,2007,0
9089001,2007,1
9103001,2007,0
9129001,2007,0
9162001,2007,0
9166001,2007,0
9169001,2007,0
9173001,2007,0
9174001,2007,0
9175001,2007,0
9176001,2007,0
9178001,2007,0
9179001,2007,1
9180001,2007,0
9181001,2007,0
9182001,2007,0
9183001,2007,0
9184001,2007,0
9186001,2007,0
9188001,2007,0
9190001,2007,0
9195001,2007,0
9201001,2007,0
9202001,2007,0
9205001,2007,0
9207001,2007,0
9208001,2007,0
9209001,2007,0
9212001,2007,0
9213001,2007,0
9217001,2007,0
9219001,2007,0
9220001,2007,0
9221001,2007,0
9222001,2007,0
9223001,2007,0
9226001,2007,1
9229001,2007,0
9230001,2007,0
9231001,2007,0
9232001,2007,1
9549001,2007,1
9550001,2007,1
9551001,2007,1
9695001,2007,0
9696001,2007,0
9697001,2007,0
9698001,2007,0
9699001,2007,0
9700001,2007,0
9701001,2007,0
9702001,2007,0
9703001,2007,0
9704001,2007,0
9819001,2007,0
9951001,2007,0
10485001,2007,0
10500001,2007,0
10502001,2007,0
10509001,2007,0
10511001,2007,0
10512001,2007,0
10882001,2007,1
11000001,2007,0
11017001,2007,0
11074001,2007,0
11082001,2007,1
11252001,2007,0
11474001,2007,0
11552001,2007,0
11620001,2007,0
11715001,2007,0
11745001,2007,0
11779001,2007,0
11782001,2007,0
12293001,2007,0
12483001,2007,0
12765001,2007,0
12807001,2007,0
12837001,2007,0
13013001,2007,1
13014001,2007,1
7134001,2008,0
7157001,2008,0
8808001,2008,0
8824001,2008,1
8918001,2008,1
9027001,2008,0
9040001,2008,0
9092001,2008,0
9126001,2008,0
9142001,2008,0
9187001,2008,0
9199001,2008,0
9211001,2008,0
9216001,2008,0
9390001,2008,0
10714001,2008,0
10827001,2008,0
10855001,2008,1
10857001,2008,1
10881001,2008,1
10888001,2008,0
10891001,2008,0
10897001,2008,1
10932001,2008,0
10942001,2008,0
10944001,2008,0
10970001,2008,0
10971001,2008,0
10973001,2008,0
11006001,2008,0
11028001,2008,1
11042001,2008,0
11047001,2008,0
11052001,2008,0
11055001,2008,0
11057001,2008,0
11065001,2008,0
11101001,2008,0
11103001,2008,0
11106001,2008,1
11108001,2008,0
11110001,2008,0
11116001,2008,0
11117001,2008,0
11121001,2008,0
11128001,2008,0
11171001,2008,0
11184001,2008,0
11198001,2008,0
11226001,2008,0
11227001,2008,0
11228001,2008,0
11238001,2008,0
11239001,2008,0
11241001,2008,0
11257001,2008,0
11258001,2008,0
11263001,2008,0
11269001,2008,0
11317001,2008,0
11348001,2008,0
11350001,2008,0
11355001,2008,0
11358001,2008,0
11374001,2008,0
11394001,2008,1
11395001,2008,0
11396001,2008,0
11410001,2008,0
11411001,2008,0
11414001,2008,0
11429001,2008,0
11436001,2008,0
11440001,2008,0
11452001,2008,0
11459001,2008,0
11463001,2008,0
11467001,2008,0
11505001,2008,0
11507001,2008,0
11508001,2008,0
11543001,2008,1
11548001,2008,0
11551001,2008,0
11583001,2008,0
11585001,2008,0
11615001,2008,0
11617001,2008,1
11623001,2008,0
11624001,2008,0
11626001,2008,0
11628001,2008,0
11630001,2008,0
11634001,2008,1
11636001,2008,0
11638001,2008,0
11639001,2008,0
11644001,2008,0
11650001,2008,0
11652001,2008,0
11709001,2008,0
11710001,2008,0
11716001,2008,0
11748001,2008,1
11769001,2008,0
11771001,2008,0
11772001,2008,0
11784001,2008,0
11785001,2008,0
11787001,2008,0
11790001,2008,0
11791001,2008,0
11809001,2008,0
12074001,2008,0
12081001,2008,0
12083001,2008,0
12326001,2008,0
12386001,2008,0
12464001,2008,0
12465001,2008,0
12481001,2008,0
12482001,2008,0
12485001,2008,0
12518001,2008,1
12522001,2008,0
12524001,2008,0
12533001,2008,0
12541001,2008,0
12565001,2008,1
12566001,2008,0
12573001,2008,0
12575001,2008,0
12584001,2008,0
12586001,2008,1
12590001,2008,0
12592001,2008,0
12593001,2008,0
12594001,2008,0
12601001,2008,0
12675001,2008,0
12724001,2008,0
12730001,2008,0
12732001,2008,0
12736001,2008,0
12742001,2008,0
12768001,2008,0
12806001,2008,0
12866001,2008,0
12902001,2008,0
12903001,2008,0
12992001,2008,0
13482001,2008,0
6361001,2009,0
7133001,2009,0
8195001,2009,0
9023001,2009,0
9200001,2009,1
9234001,2009,0
10865001,2009,0
10866001,2009,0
10867001,2009,1
10869001,2009,0
10896001,2009,0
10924001,2009,1
10948001,2009,0
10984001,2009,0
10994001,2009,0
11039001,2009,0
11095001,2009,0
11126001,2009,0
11134001,2009,0
11137001,2009,0
11159001,2009,0
11160001,2009,0
11161001,2009,0
11172001,2009,0
11181001,2009,0
11271001,2009,0
11281001,2009,0
11284001,2009,0
11292001,2009,0
11300001,2009,0
11302001,2009,0
11303001,2009,0
11305001,2009,0
11307001,2009,1
11364001,2009,0
11382001,2009,1
11383001,2009,0
11408001,2009,0
11409001,2009,0
11437001,2009,0
11542001,2009,0
11595001,2009,1
11613001,2009,0
11627001,2009,0
11635001,2009,0
11640001,2009,0
11655001,2009,1
11658001,2009,0
11672001,2009,0
11673001,2009,0
11674001,2009,0
11675001,2009,0
11676001,2009,1
11699001,2009,1
11712001,2009,0
11750001,2009,1
11783001,2009,0
11873001,2009,0
11894001,2009,0
12006001,2009,0
12063001,2009,0
12078001,2009,0
12112001,2009,0
12139001,2009,0
12270001,2009,0
12371001,2009,0
12387001,2009,0
12389001,2009,0
12430001,2009,1
12466001,2009,1
12477001,2009,0
12478001,2009,0
12486001,2009,0
12493001,2009,0
12509001,2009,0
12530001,2009,0
12532001,2009,0
12534001,2009,0
12535001,2009,0
12538001,2009,0
12539001,2009,0
12540001,2009,0
12546001,2009,0
12553001,2009,0
12569001,2009,1
12574001,2009,0
12579001,2009,0
12580001,2009,0
12582001,2009,0
12583001,2009,0
12588001,2009,0
12589001,2009,0
12595001,2009,0
12597001,2009,0
12600001,2009,0
12605001,2009,0
12606001,2009,0
12607001,2009,0
12611001,2009,0
12616001,2009,0
12620001,2009,0
12671001,2009,0
12672001,2009,0
12674001,2009,0
12676001,2009,0
12682001,2009,0
12683001,2009,0
12684001,2009,0
12686001,2009,0
12739001,2009,0
12759001,2009,0
12769001,2009,1
12838001,2009,0
12845001,2009,0
12863001,2009,0
12927001,2009,1
12929001,2009,0
12934001,2009,0
12993001,2009,0
13012001,2009,0
13084001,2009,0
13477001,2009,0
8448001,2010,0
10809001,2010,0
10870001,2010,0
10872001,2010,1
10874001,2010,1
10877001,2010,0
10878001,2010,1
10879001,2010,0
10904001,2010,0
10921001,2010,0
10927001,2010,1
10928001,2010,1
10933001,2010,0
10934001,2010,0
10936001,2010,0
10937001,2010,1
10945001,2010,0
10950001,2010,1
10952001,2010,0
10954001,2010,0
10955001,2010,0
10958001,2010,0
10966001,2010,0
10980001,2010,0
11012001,2010,1
11022001,2010,0
11023001,2010,0
11037001,2010,0
11044001,2010,0
11054001,2010,0
11058001,2010,0
11064001,2010,0
11097001,2010,0
11098001,2010,1
11107001,2010,1
11130001,2010,0
11131001,2010,0
11143001,2010,0
11144001,2010,0
11148001,2010,0
11156001,2010,0
11298001,2010,0
11301001,2010,0
11306001,2010,0
11310001,2010,0
11311001,2010,0
11314001,2010,0
11315001,2010,0
11399001,2010,1
11413001,2010,0
11441001,2010,0
11449001,2010,1
11454001,2010,0
11456001,2010,0
11496001,2010,0
11499001,2010,0
11592001,2010,0
11656001,2010,0
11682001,2010,0
11683001,2010,0
11684001,2010,0
11686001,2010,0
11695001,2010,0
11697001,2010,0
11698001,2010,0
11705001,2010,0
11706001,2010,0
11713001,2010,0
11749001,2010,1
11823001,2010,0
11826001,2010,0
11835001,2010,0
11839001,2010,0
11840001,2010,0
11881001,2010,0
11898001,2010,0
11992001,2010,0
11993001,2010,0
11994001,2010,0
11995001,2010,0
11997001,2010,1
12003001,2010,0
12005001,2010,0
12011001,2010,0
12012001,2010,0
12014001,2010,0
12020001,2010,1
12022001,2010,0
12024001,2010,0
12027001,2010,0
12030001,2010,0
12031001,2010,0
12032001,2010,0
12035001,2010,0
12036001,2010,0
12041001,2010,0
12043001,2010,0
12048001,2010,0
12049001,2010,0
12065001,2010,0
12066001,2010,0
12068001,2010,0
12070001,2010,1
12072001,2010,0
12075001,2010,0
12079001,2010,1
12084001,2010,0
12086001,2010,0
12091001,2010,0
12102001,2010,0
12149001,2010,0
12197001,2010,0
12213001,2010,0
12264001,2010,0
12461001,2010,0
12469001,2010,0
12479001,2010,0
12537001,2010,0
12687001,2010,0
12690001,2010,0
12709001,2010,0
12749001,2010,0
12785001,2010,0
12808001,2010,0
12818001,2010,0
12830001,2010,0
12847001,2010,0
12849001,2010,0
12855001,2010,0
12856001,2010,0
12857001,2010,0
12906001,2010,0
12907001,2010,0
12908001,2010,0
12915001,2010,0
12955001,2010,0
13022001,2010,0
13356001,2010,0
13440001,2010,0
13479001,2010,0
9133001,2011,0
10811001,2011,0
10813001,2011,0
10814001,2011,0
10820001,2011,0
10823001,2011,0
10824001,2011,0
10831001,2011,0
10836001,2011,0
10837001,2011,0
10838001,2011,0
10871001,2011,0
10900001,2011,0
10901001,2011,0
10909001,2011,1
10919001,2011,0
10922001,2011,1
10925001,2011,1
10926001,2011,0
10929001,2011,0
10935001,2011,0
10956001,2011,0
10961001,2011,0
10976001,2011,0
10979001,2011,1
11008001,2011,1
11009001,2011,0
11014001,2011,0
11016001,2011,1
11019001,2011,0
11021001,2011,0
11026001,2011,1
11030001,2011,0
11066001,2011,0
11084001,2011,0
11115001,2011,0
11140001,2011,0
11152001,2011,0
11183001,2011,0
11277001,2011,0
11280001,2011,0
11330001,2011,0
11386001,2011,1
11404001,2011,0
11419001,2011,0
11424001,2011,0
11430001,2011,0
11475001,2011,1
11479001,2011,0
11485001,2011,0
11488001,2011,0
11498001,2011,0
11506001,2011,0
11518001,2011,0
11521001,2011,0
11522001,2011,0
11523001,2011,0
11534001,2011,0
11568001,2011,1
11575001,2011,0
11647001,2011,0
11680001,2011,0
11714001,2011,0
11735001,2011,0
11736001,2011,0
11738001,2011,0
11739001,2011,0
11741001,2011,0
11742001,2011,0
11743001,2011,0
11744001,2011,0
11764001,2011,0
11805001,2011,0
11834001,2011,0
11838001,2011,0
11919001,2011,0
11922001,2011,0
11938001,2011,0
11987001,2011,0
12021001,2011,0
12026001,2011,1
12028001,2011,0
12044001,2011,0
12051001,2011,0
12064001,2011,0
12095001,2011,0
12100001,2011,0
12105001,2011,0
12106001,2011,0
12107001,2011,0
12110001,2011,0
12111001,2011,0
12113001,2011,0
12114001,2011,0
12115001,2011,0
12116001,2011,0
12118001,2011,0
12121001,2011,0
12133001,2011,0
12134001,2011,1
12137001,2011,0
12141001,2011,0
12147001,2011,0
12148001,2011,0
12151001,2011,1
12154001,2011,0
12175001,2011,0
12203001,2011,0
12367001,2011,1
12398001,2011,0
12399001,2011,0
12514001,2011,0
12653001,2011,0
12659001,2011,0
12660001,2011,0
12698001,2011,0
12706001,2011,0
12750001,2011,0
12756001,2011,0
12757001,2011,0
12784001,2011,1
12843001,2011,0
12861001,2011,0
12868001,2011,0
12872001,2011,0
12875001,2011,0
12910001,2011,0
12920001,2011,0
12958001,2011,0
13020001,2011,0
13159001,2011,0
13557001,2011,1
10818001,2012,0
10975001,2012,0
11007001,2012,1
11015001,2012,0
11133001,2012,0
11217001,2012,0
11230001,2012,0
11240001,2012,0
11282001,2012,0
11283001,2012,0
11293001,2012,0
11329001,2012,0
11335001,2012,1
11336001,2012,0
11337001,2012,0
11339001,2012,0
11340001,2012,1
11341001,2012,1
11351001,2012,1
11417001,2012,0
11466001,2012,0
11470001,2012,0
11527001,2012,1
11529001,2012,0
11540001,2012,0
11541001,2012,0
11545001,2012,0
11553001,2012,0
11559001,2012,1
11572001,2012,0
11677001,2012,0
11681001,2012,0
11687001,2012,0
11703001,2012,0
11734001,2012,0
11757001,2012,0
11762001,2012,0
11763001,2012,0
11765001,2012,0
11766001,2012,0
11795001,2012,0
11797001,2012,0
11801001,2012,0
11808001,2012,0
11811001,2012,0
11813001,2012,1
11829001,2012,0
11841001,2012,0
11876001,2012,0
11878001,2012,0
11882001,2012,0
11926001,2012,0
11937001,2012,1
11947001,2012,0
11950001,2012,0
11952001,2012,1
11953001,2012,0
11954001,2012,0
12016001,2012,0
12103001,2012,0
12128001,2012,0
12129001,2012,0
12172001,2012,0
12230001,2012,0
12250001,2012,0
12260001,2012,0
12265001,2012,0
12271001,2012,0
12330001,2012,0
12335001,2012,1
12340001,2012,0
12360001,2012,0
12376001,2012,0
12631001,2012,0
12635001,2012,0
12636001,2012,0
12639001,2012,1
12641001,2012,0
12642001,2012,0
12643001,2012,0
12645001,2012,0
12648001,2012,0
12711001,2012,0
12720001,2012,0
12745001,2012,0
12774001,2012,0
12775001,2012,0
12776001,2012,1
12777001,2012,1
12781001,2012,0
12783001,2012,0
12792001,2012,0
12793001,2012,0
12795001,2012,0
12800001,2012,0
12801001,2012,1
12802001,2012,0
12804001,2012,0
12809001,2012,0
12813001,2012,1
12814001,2012,0
12815001,2012,0
12822001,2012,0
13024001,2012,0
13025001,2012,0
13027001,2012,0
13028001,2012,0
13367001,2012,1
13371001,2012,0
13459001,2012,0
13478001,2012,0
14677001,2012,1
6350001,2013,0
11142001,2013,1
11147001,2013,0
11178001,2013,0
11186001,2013,0
11189001,2013,0
11308001,2013,0
11318001,2013,0
11320001,2013,0
11343001,2013,0
11346001,2013,1
11347001,2013,1
11352001,2013,1
11468001,2013,1
11469001,2013,0
11472001,2013,0
11476001,2013,0
11477001,2013,0
11566001,2013,0
11581001,2013,1
11597001,2013,0
11600001,2013,0
11660001,2013,0
11668001,2013,0
11671001,2013,0
11717001,2013,0
11722001,2013,0
11724001,2013,0
11728001,2013,0
11730001,2013,1
11733001,2013,0
11847001,2013,0
11849001,2013,0
11916001,2013,0
12155001,2013,0
12158001,2013,0
12159001,2013,0
12179001,2013,0
12186001,2013,0
12206001,2013,0
12220001,2013,0
12221001,2013,1
12222001,2013,0
12225001,2013,0
12228001,2013,1
12231001,2013,0
12233001,2013,0
12235001,2013,1
12239001,2013,0
12240001,2013,0
12251001,2013,0
12252001,2013,0
12253001,2013,0
12254001,2013,1
12266001,2013,0
12272001,2013,0
12276001,2013,0
12283001,2013,0
12285001,2013,0
12287001,2013,0
12290001,2013,0
12296001,2013,0
12305001,2013,0
12312001,2013,0
12313001,2013,0
12316001,2013,0
12320001,2013,0
12323001,2013,0
12331001,2013,0
12332001,2013,0
12339001,2013,0
12345001,2013,0
12353001,2013,0
12356001,2013,0
12362001,2013,0
12372001,2013,0
12374001,2013,0
12383001,2013,0
12385001,2013,0
12388001,2013,0
12390001,2013,0
12391001,2013,0
12392001,2013,0
12393001,2013,1
12395001,2013,0
12396001,2013,0
12416001,2013,1
12419001,2013,1
12424001,2013,1
12425001,2013,1
12440001,2013,0
12443001,2013,0
12462001,2013,0
12463001,2013,1
12526001,2013,0
12549001,2013,0
12558001,2013,0
12567001,2013,0
12578001,2013,0
12649001,2013,0
12703001,2013,0
12740001,2013,0
12743001,2013,0
12747001,2013,0
12771001,2013,0
12772001,2013,0
12789001,2013,0
12794001,2013,0
12819001,2013,0
12832001,2013,0
12833001,2013,0
12834001,2013,0
12835001,2013,0
12836001,2013,0
12883001,2013,0
12966001,2013,1
12980001,2013,0
12991001,2013,0
12994001,2013,0
13038001,2013,0
13080001,2013,0
13104001,2013,0
13369001,2013,0
13471001,2013,0
13493001,2013,0
13494001,2013,0
13579001,2013,0
13789001,2013,0
11205001,2014,0
11206001,2014,0
11279001,2014,0
11319001,2014,0
11344001,2014,0
11353001,2014,0
11367001,2014,1
11369001,2014,1
11378001,2014,0
11442001,2014,0
11447001,2014,0
11455001,2014,0
11471001,2014,0
11546001,2014,0
11598001,2014,0
11611001,2014,0
11667001,2014,0
11693001,2014,0
11886001,2014,0
11892001,2014,0
11904001,2014,0
11906001,2014,0
11907001,2014,0
11908001,2014,0
11921001,2014,0
11933001,2014,0
11969001,2014,1
11971001,2014,0
11972001,2014,0
11974001,2014,0
11977001,2014,0
11981001,2014,0
12157001,2014,0
12165001,2014,0
12166001,2014,0
12169001,2014,0
12181001,2014,0
12182001,2014,0
12183001,2014,0
12184001,2014,0
12188001,2014,0
12191001,2014,0
12192001,2014,0
12193001,2014,0
12195001,2014,0
12198001,2014,0
12200001,2014,0
12210001,2014,0
12215001,2014,0
12298001,2014,0
12317001,2014,0
12363001,2014,1
12384001,2014,0
12414001,2014,0
12452001,2014,0
12453001,2014,0
12454001,2014,1
12457001,2014,0
12470001,2014,0
12472001,2014,0
12473001,2014,0
12474001,2014,0
12475001,2014,0
12476001,2014,1
12576001,2014,1
12609001,2014,0
12622001,2014,0
12626001,2014,0
12663001,2014,0
12691001,2014,1
12693001,2014,0
12773001,2014,0
12820001,2014,0
12823001,2014,0
12826001,2014,0
12828001,2014,0
12882001,2014,0
12889001,2014,0
12893001,2014,0
12894001,2014,0
12899001,2014,0
12936001,2014,0
12938001,2014,0
12941001,2014,0
13041001,2014,1
13048001,2014,0
13169001,2014,0
13294001,2014,0
13366001,2014,0
13374001,2014,0
13380001,2014,0
13439001,2014,0
13476001,2014,0
13480001,2014,0
13636001,2014,0
13707001,2014,0
14724001,2014,0
10974001,2015,1
11207001,2015,0
11368001,2015,1
11439001,2015,0
11461001,2015,0
11512001,2015,0
11824001,2015,0
11925001,2015,0
12286001,2015,0
12297001,2015,0
12311001,2015,0
12322001,2015,0
12695001,2015,0
12718001,2015,0
13029001,2015,0
13032001,2015,1
13040001,2015,0
13044001,2015,0
13045001,2015,0
13046001,2015,0
13052001,2015,0
13054001,2015,0
13059001,2015,0
13060001,2015,0
13061001,2015,0
13062001,2015,0
13063001,2015,0
13064001,2015,0
13065001,2015,0
13066001,2015,0
13068001,2015,0
13072001,2015,0
13077001,2015,0
13081001,2015,0
13082001,2015,0
13083001,2015,0
13085001,2015,0
13088001,2015,0
13089001,2015,0
13091001,2015,1
13092001,2015,0
13093001,2015,0
13095001,2015,0
13102001,2015,0
13105001,2015,0
13106001,2015,0
13107001,2015,0
13110001,2015,0
13111001,2015,0
13119001,2015,0
13120001,2015,0
13121001,2015,1
13122001,2015,1
13126001,2015,0
13127001,2015,0
13131001,2015,0
13132001,2015,0
13137001,2015,0
13139001,2015,0
13143001,2015,0
13154001,2015,0
13155001,2015,0
13156001,2015,0
13161001,2015,0
13168001,2015,0
13172001,2015,0
13173001,2015,0
13196001,2015,0
13286001,2015,0
13306001,2015,0
13329001,2015,0
13351001,2015,0
13355001,2015,1
13357001,2015,1
13377001,2015,0
13414001,2015,0
13424001,2015,0
13434001,2015,0
13436001,2015,0
13441001,2015,0
13442001,2015,0
13443001,2015,0
13447001,2015,0
13453001,2015,0
13458001,2015,0
13460001,2015,0
13461001,2015,0
13467001,2015,0
13469001,2015,0
13470001,2015,0
13473001,2015,0
13475001,2015,0
13491001,2015,0
13500001,2015,0
13549001,2015,0
13640001,2015,0
11500001,2016,0
12023001,2016,0
12204001,2016,0
13198001,2016,0
13199001,2016,0
13202001,2016,1
13203001,2016,0
13207001,2016,0
13212001,2016,0
13213001,2016,0
13220001,2016,0
13222001,2016,0
13223001,2016,1
13234001,2016,0
13269001,2016,0
13271001,2016,0
13273001,2016,0
13275001,2016,0
13278001,2016,0
13280001,2016,0
13287001,2016,0
13288001,2016,0
13298001,2016,0
13311001,2016,1
13313001,2016,1
13315001,2016,0
13317001,2016,0
13318001,2016,0
13319001,2016,0
13320001,2016,0
13323001,2016,0
13342001,2016,0
13347001,2016,1
13348001,2016,0
13349001,2016,0
13350001,2016,0
13360001,2016,0
13363001,2016,0
13364001,2016,0
13373001,2016,1
13375001,2016,0
13382001,2016,0
13385001,2016,0
13387001,2016,0
13389001,2016,0
13390001,2016,0
13391001,2016,0
13392001,2016,0
13397001,2016,0
13398001,2016,0
13400001,2016,0
13401001,2016,0
13402001,2016,0
13403001,2016,0
13406001,2016,0
13410001,2016,1
13415001,2016,1
13419001,2016,0
13422001,2016,0
13429001,2016,0
13430001,2016,0
13484001,2016,0
13539001,2016,1
13540001,2016,0
13542001,2016,0
13544001,2016,0
13546001,2016,0
13599001,2016,0
13667001,2016,0
13672001,2016,0
13685001,2016,0
13730001,2016,0
13755001,2016,0
13915001,2016,0
14617001,2016,1
16039001,2016,0
12127001,2017,0
12217001,2017,0
12219001,2017,0
12596001,2017,0
12644001,2017,0
12716001,2017,0
13206001,2017,0
13321001,2017,0
13423001,2017,0
13516001,2017,0
13518001,2017,1
13519001,2017,0
13520001,2017,0
13522001,2017,0
13523001,2017,0
13528001,2017,1
13529001,2017,0
13535001,2017,0
13538001,2017,0
13541001,2017,0
13543001,2017,0
13545001,2017,1
13547001,2017,0
13548001,2017,0
13550001,2017,0
13552001,2017,0
13553001,2017,0
13554001,2017,0
13555001,2017,0
13556001,2017,0
13560001,2017,0
13567001,2017,0
13570001,2017,0
13571001,2017,0
13573001,2017,0
13577001,2017,0
13580001,2017,0
13590001,2017,0
13592001,2017,0
13594001,2017,0
13595001,2017,0
13598001,2017,0
13600001,2017,0
13602001,2017,0
13609001,2017,0
13610001,2017,0
13611001,2017,0
13625001,2017,0
13631001,2017,0
13633001,2017,1
13647001,2017,0
13657001,2017,0
13659001,2017,0
13661001,2017,1
13664001,2017,0
13668001,2017,0
13678001,2017,0
13683001,2017,0
13686001,2017,0
13689001,2017,0
13693001,2017,0
13694001,2017,0
13698001,2017,0
13699001,2017,0
13701001,2017,0
13702001,2017,0
13703001,2017,0
13704001,2017,0
13705001,2017,1
13706001,2017,1
13708001,2017,0
13709001,2017,0
13713001,2017,0
13714001,2017,0
13715001,2017,0
13716001,2017,0
13719001,2017,0
13720001,2017,0
13722001,2017,0
13723001,2017,0
13741001,2017,0
13750001,2017,0
13752001,2017,0
13788001,2017,0
13791001,2017,1
13792001,2017,0
13883001,2017,0
14566001,2017,0
16306001,2017,0
16307001,2017,0
16308001,2017,0
16310001,2017,0
16313001,2017,0
16314001,2017,0
16315001,2017,0
16317001,2017,0
16321001,2017,0
9141001,2018,0
10918001,2018,0
11118001,2018,0
11719001,2018,0
12361001,2018,0
12401001,2018,0
12602001,2018,0
12666001,2018,0
13050001,2018,0
13073001,2018,0
13109001,2018,0
13399001,2018,0
13510001,2018,0
13607001,2018,0
13656001,2018,0
13690001,2018,0
13697001,2018,0
13726001,2018,0
13728001,2018,0
13731001,2018,1
13738001,2018,0
13739001,2018,0
13740001,2018,0
13743001,2018,0
13744001,2018,0
13746001,2018,1
13756001,2018,0
13760001,2018,0
13761001,2018,0
13762001,2018,0
13763001,2018,0
13768001,2018,0
13770001,2018,0
13771001,2018,0
13772001,2018,0
13775001,2018,0
13776001,2018,0
13778001,2018,0
13780001,2018,1
13781001,2018,0
13782001,2018,0
13783001,2018,0
13784001,2018,0
13790001,2018,0
13795001,2018,1
13796001,2018,0
13803001,2018,0
13806001,2018,0
13811001,2018,0
13814001,2018,0
13820001,2018,0
13821001,2018,0
13824001,2018,0
13827001,2018,0
13828001,2018,0
13833001,2018,0
13834001,2018,1
13835001,2018,0
13836001,2018,1
13837001,2018,0
13840001,2018,0
13841001,2018,0
13844001,2018,1
13847001,2018,0
13848001,2018,0
13849001,2018,0
13850001,2018,0
13852001,2018,0
13853001,2018,1
13858001,2018,0
13859001,2018,1
13860001,2018,0
13861001,2018,0
13867001,2018,0
13868001,2018,0
13869001,2018,1
13926001,2018,0
13998001,2018,0
14613001,2018,0
14692001,2018,0
14708001,2018,0
16217001,2018,0
16252001,2018,0
16326001,2018,0
16328001,2018,0
16332001,2018,1
16333001,2018,0
16335001,2018,0
16337001,2018,0
16338001,2018,0
16340001,2018,0
16341001,2018,0
7159001,2019,0
13030001,2019,0
13069001,2019,1
13341001,2019,0
13361001,2019,0
13417001,2019,0
13483001,2019,0
13515001,2019,0
13588001,2019,0
13786001,2019,0
13854001,2019,0
13855001,2019,0
13865001,2019,0
13866001,2019,0
13870001,2019,0
13872001,2019,0
13874001,2019,0
13877001,2019,0
13878001,2019,0
13879001,2019,0
13880001,2019,0
13882001,2019,0
13884001,2019,0
13885001,2019,1
13887001,2019,0
13895001,2019,0
13896001,2019,0
13898001,2019,0
13907001,2019,0
13909001,2019,0
13910001,2019,0
13911001,2019,0
13913001,2019,0
13916001,2019,0
13918001,2019,0
13919001,2019,0
13920001,2019,0
13921001,2019,0
13925001,2019,1
13927001,2019,0
13930001,2019,0
13935001,2019,0
13942001,2019,1
13951001,2019,0
13952001,2019,0
13966001,2019,0
13969001,2019,1
13970001,2019,0
13971001,2019,0
13974001,2019,0
13975001,2019,0
13977001,2019,0
13980001,2019,0
13981001,2019,1
13995001,2019,0
13996001,2019,0
13997001,2019,1
13999001,2019,0
14553001,2019,0
14555001,2019,0
14564001,2019,0
14572001,2019,0
14574001,2019,0
14576001,2019,1
14577001,2019,1
14579001,2019,0
14581001,2019,0
14589001,2019,1
14592001,2019,0
14596001,2019,0
14599001,2019,0
14606001,2019,0
14607001,2019,0
14610001,2019,0
14612001,2019,1
14616001,2019,0
14625001,2019,0
14636001,2019,1
14642001,2019,0
14645001,2019,0
14650001,2019,0
14651001,2019,0
14655001,2019,0
14670001,2019,0
14720001,2019,0
14729001,2019,0
14753001,2019,0
16081001,2019,0
16097001,2019,0
16111001,2019,0
16276001,2019,1
16350001,2019,0
16354001,2019,0
16356001,2019,0
13140001,2020,0
13303001,2020,0
13332001,2020,0
13407001,2020,0
13566001,2020,0
13712001,2020,0
13766001,2020,0
13774001,2020,0
13804001,2020,0
13813001,2020,0
13890001,2020,1
14580001,2020,0
14627001,2020,0
14662001,2020,0
14675001,2020,0
14693001,2020,0
14696001,2020,0
14704001,2020,0
14705001,2020,0
14706001,2020,0
14710001,2020,0
14712001,2020,0
14716001,2020,0
14722001,2020,0
14723001,2020,0
14725001,2020,0
14730001,2020,0
14732001,2020,0
14733001,2020,0
14735001,2020,0
14737001,2020,0
14739001,2020,0
14740001,2020,0
14744001,2020,0
14745001,2020,0
14747001,2020,0
14750001,2020,0
14751001,2020,0
14755001,2020,0
14766001,2020,0
14781001,2020,0
16046001,2020,0
16048001,2020,0
16049001,2020,0
16051001,2020,0
16052001,2020,0
16055001,2020,0
16060001,2020,0
16061001,2020,0
16062001,2020,0
16066001,2020,0
16067001,2020,1
16068001,2020,1
16069001,2020,1
16074001,2020,0
16075001,2020,0
16084001,2020,0
16085001,2020,0
16087001,2020,0
16088001,2020,0
16089001,2020,0
16090001,2020,0
16092001,2020,0
16093001,2020,0
16095001,2020,0
16101001,2020,0
16165001,2020,0
16184001,2020,0
16187001,2020,0
16239001,2020,0
16248001,2020,0
16263001,2020,0
16265001,2020,0
16285001,2020,0
16358001,2020,0
16361001,2020,0
16362001,2020,0
16368001,2020,0
11577001,2021,0
12199001,2021,0
13324001,2021,0
13517001,2021,0
13537001,2021,0
13648001,2021,0
13655001,2021,0
13748001,2021,1
13757001,2021,0
14003001,2021,0
14752001,2021,0
16144001,2021,0
16155001,2021,1
16163001,2021,0
16170001,2021,0
16171001,2021,0
16172001,2021,0
16173001,2021,0
16177001,2021,0
16178001,2021,0
16192001,2021,0
16195001,2021,0
16196001,2021,0
16197001,2021,1
16199001,2021,0
16203001,2021,0
16205001,2021,0
16211001,2021,0
16229001,2021,0
16230001,2021,1
16232001,2021,0
16235001,2021,0
16240001,2021,0
16241001,2021,0
16243001,2021,1
16244001,2021,0
16247001,2021,0
16249001,2021,0
16251001,2021,0
16258001,2021,0
16262001,2021,0
16266001,2021,1
16280001,2021,1
16283001,2021,0
16284001,2021,0
16286001,2021,0
16287001,2021,1
16288001,2021,0
16289001,2021,0
16290001,2021,0
16291001,2021,0
16292001,2021,0
16293001,2021,0
16295001,2021,0
16296001,2021,0
16298001,2021,0
16323001,2021,0
16370001,2021,0
16371001,2021,0
16372001,2021,0
16373001,2021,1
16374001,2021,0
16375001,2021,0
16376001,2021,0
16377001,2021,0
